circuit,direct_p_correct_17sep,oq_p_correct_17sep,oq_top_17sep,oq_p_top_17sep,direct_p_correct_25sep,oq_p_correct_25sep,oq_top_25sep,oq_p_top_25sep
cirq_qft-bw1-a0-b0-decomposed,0.794921875,0.267578125,00,0.267578125,0.84765625,0.236328125,10,0.28125
cirq_qft-bw1-a0-b1-decomposed,0.77734375,0.248046875,00,0.255859375,0.8203125,0.212890625,00,0.28125
cirq_qft-bw1-a1-b0-decomposed,0.802734375,0.3046875,10,0.3046875,0.802734375,0.2578125,00,0.28515625
cirq_qft-bw1-a1-b1-decomposed,0.78515625,0.22265625,10,0.296875,0.8046875,0.248046875,10,0.271484375
pennylane_outadder-bw1-a0-b0-decomposed,0.880859375,1.0,00,1.0,0.896484375,0.994140625,00,0.994140625
pennylane_outadder-bw1-a0-b1-decomposed,0.86328125,0.005859375,00,0.98828125,0.8203125,0.005859375,00,0.986328125
pennylane_outadder-bw1-a1-b0-decomposed,0.84375,0.00390625,00,0.990234375,0.798828125,0.005859375,00,0.990234375
pennylane_outadder-bw1-a1-b1-decomposed,0.82421875,0.0,00,0.998046875,0.84765625,0.01171875,00,0.984375
qiskit_cdkm-bw1-a0-b0-decomposed,0.859375,0.931640625,00,0.931640625,0.896484375,0.955078125,00,0.955078125
qiskit_cdkm-bw1-a0-b0-whole,0.85546875,0.900390625,00,0.900390625,0.8828125,0.9296875,00,0.9296875
qiskit_cdkm-bw1-a0-b1-decomposed,0.833984375,0.927734375,10,0.927734375,0.84765625,0.939453125,10,0.939453125
qiskit_cdkm-bw1-a0-b1-whole,0.84765625,0.91796875,10,0.91796875,0.8671875,0.87890625,10,0.87890625
qiskit_cdkm-bw1-a1-b0-decomposed,0.80078125,0.060546875,11,0.859375,0.810546875,0.03515625,11,0.841796875
qiskit_cdkm-bw1-a1-b0-whole,0.814453125,0.849609375,10,0.849609375,0.8203125,0.849609375,10,0.849609375
qiskit_cdkm-bw1-a1-b1-decomposed,0.73828125,0.8828125,01,0.8828125,0.75390625,0.90234375,01,0.90234375
qiskit_cdkm-bw1-a1-b1-whole,0.73046875,0.703125,01,0.703125,0.765625,0.740234375,01,0.740234375
toffoli-decomposed,0.740234375,0.001953125,110,0.970703125,0.826171875,0.005859375,110,0.921875
toffoli-raw,0.78125,0.830078125,111,0.830078125,0.845703125,0.83984375,111,0.83984375
