campaign,label,version,case_id,expected_full,expected_full_count,expected_full_p,p_decoded_correct,dominant,dominant_count,dominant_p,decoded_dominant,expected_result,decoded_correct
qualification,cdkm@0+0,cdkm,0+0,000000,406,0.79296875,0.83984375,000000,406,0.79296875,0,0,True
qualification,qft@0+0,qft,0+0,00000,355,0.693359375,0.724609375,00000,355,0.693359375,0,0,True
qualification,semiadder@0+0,semiadder,0+0,0000000,21,0.041015625,0.12890625,0001010,22,0.04296875,2,0,False
qualification,cdkm@1+1,cdkm,1+1,100100,360,0.703125,0.810546875,100100,360,0.703125,2,2,True
qualification,semiadder@1+1,semiadder,1+1,1001000,13,0.025390625,0.18359375,1011010,14,0.02734375,3,2,False
qualification,cdkm@0+3,cdkm,0+3,001100,328,0.640625,0.705078125,001100,328,0.640625,3,3,True
qualification,qft@0+3,qft,0+3,00110,6,0.01171875,0.017578125,00000,375,0.732421875,0,3,False
qualification,semiadder@0+3,semiadder,0+3,0011000,16,0.03125,0.154296875,0000000,25,0.048828125,0,3,False
qualification,qft@1+1,qft,1+1,10010,1,0.001953125,0.05078125,00000,385,0.751953125,0,2,False
qualification,cdkm@1+3,cdkm,1+3,100010,21,0.041015625,0.05859375,100000,387,0.755859375,0,4,False
qualification,qft@1+3,qft,1+3,10001,0,0.0,0.046875,00000,371,0.724609375,0,4,False
qualification,semiadder@1+3,semiadder,1+3,1000100,12,0.0234375,0.12109375,1001000,18,0.03515625,2,4,False
qualification,cdkm@3+0,cdkm,3+0,111100,1,0.001953125,0.001953125,111010,230,0.44921875,5,3,False
qualification,qft@3+0,qft,3+0,11110,0,0.0,0.0234375,00000,359,0.701171875,0,3,False
qualification,semiadder@3+0,semiadder,3+0,1111000,12,0.0234375,0.1328125,1101000,19,0.037109375,2,3,False
qualification,cdkm@3+1,cdkm,3+1,110010,241,0.470703125,0.595703125,110010,241,0.470703125,4,4,True
qualification,qft@3+1,qft,3+1,11001,0,0.0,0.03515625,00000,373,0.728515625,0,4,False
qualification,semiadder@3+1,semiadder,3+1,1100100,8,0.015625,0.099609375,1000000,16,0.03125,0,4,False
qualification,cdkm@3+3,cdkm,3+3,110110,225,0.439453125,0.5546875,110110,225,0.439453125,6,6,True
qualification,qft@3+3,qft,3+3,11011,0,0.0,0.005859375,00000,373,0.728515625,0,6,False
qualification,semiadder@3+3,semiadder,3+3,1101100,12,0.0234375,0.130859375,1101000,24,0.046875,2,6,False
repeat_probe,cdkm@3+0@run1,cdkm,3+0,111100,3,0.005859375,0.0078125,111010,248,0.484375,5,3,False
repeat_probe,cdkm@3+0@run2,cdkm,3+0,111100,2,0.00390625,0.0078125,111010,223,0.435546875,5,3,False
repeat_probe,cdkm@3+0@run3,cdkm,3+0,111100,0,0.0,0.0,111010,238,0.46484375,5,3,False
repeat_probe,cdkm@3+0@run4,cdkm,3+0,111100,2,0.00390625,0.00390625,111010,243,0.474609375,5,3,False
repeat_probe,cdkm@1+3@run1,cdkm,1+3,100010,27,0.052734375,0.072265625,100000,383,0.748046875,0,4,False
repeat_probe,cdkm@1+3@run2,cdkm,1+3,100010,22,0.04296875,0.056640625,100000,406,0.79296875,0,4,False
repeat_probe,cdkm@1+3@run3,cdkm,1+3,100010,20,0.0390625,0.060546875,100000,389,0.759765625,0,4,False
repeat_probe,cdkm@1+3@run4,cdkm,1+3,100010,23,0.044921875,0.068359375,100000,394,0.76953125,0,4,False
repeat_probe,cdkm@0+3@run1,cdkm,0+3,001100,360,0.703125,0.751953125,001100,360,0.703125,3,3,True
repeat_probe,cdkm@0+3@run2,cdkm,0+3,001100,345,0.673828125,0.728515625,001100,345,0.673828125,3,3,True
repeat_probe,cdkm@0+3@run3,cdkm,0+3,001100,366,0.71484375,0.767578125,001100,366,0.71484375,3,3,True
repeat_probe,cdkm@0+3@run4,cdkm,0+3,001100,353,0.689453125,0.73828125,001100,353,0.689453125,3,3,True
layout_probe,cdkm@3+0@region1,cdkm,3+0,111100,8,0.015625,0.130859375,011001,16,0.03125,1,3,False
layout_probe,cdkm@1+3@region1,cdkm,1+3,100010,12,0.0234375,0.146484375,011000,17,0.033203125,1,4,False
layout_probe,cdkm@0+3@region1,cdkm,0+3,001100,13,0.025390625,0.12890625,101000,19,0.037109375,1,3,False
layout_probe,cdkm@3+0@region2,cdkm,3+0,111100,12,0.0234375,0.146484375,101101,16,0.03125,3,3,True
layout_probe,cdkm@1+3@region2,cdkm,1+3,100010,6,0.01171875,0.107421875,011111,13,0.025390625,7,4,False
layout_probe,cdkm@0+3@region2,cdkm,0+3,001100,15,0.029296875,0.169921875,001000,30,0.05859375,1,3,False
layout_probe,cdkm@3+0@region3,cdkm,3+0,111100,12,0.0234375,0.125,011001,21,0.041015625,1,3,False
layout_probe,cdkm@1+3@region3,cdkm,1+3,100010,9,0.017578125,0.109375,001000,20,0.0390625,1,4,False
layout_probe,cdkm@0+3@region3,cdkm,0+3,001100,17,0.033203125,0.1171875,000100,57,0.111328125,2,3,False
