circuit,direct_p_correct,direct_top,oq_p_correct,oq_top,oq_p_top
cirq_qft-bw1-a0-b0-decomposed,0.794921875,00,0.267578125,00,0.267578125
cirq_qft-bw1-a0-b1-decomposed,0.77734375,10,0.248046875,00,0.255859375
cirq_qft-bw1-a1-b0-decomposed,0.802734375,10,0.3046875,10,0.3046875
cirq_qft-bw1-a1-b1-decomposed,0.78515625,01,0.22265625,10,0.296875
pennylane_outadder-bw1-a0-b0-decomposed,0.880859375,00,1.0,00,1.0
pennylane_outadder-bw1-a0-b1-decomposed,0.86328125,10,0.005859375,00,0.98828125
pennylane_outadder-bw1-a1-b0-decomposed,0.84375,10,0.00390625,00,0.990234375
pennylane_outadder-bw1-a1-b1-decomposed,0.82421875,01,0.0,00,0.998046875
qiskit_cdkm-bw1-a0-b0-decomposed,0.859375,00,0.931640625,00,0.931640625
qiskit_cdkm-bw1-a0-b0-whole,0.85546875,00,0.900390625,00,0.900390625
qiskit_cdkm-bw1-a0-b1-decomposed,0.833984375,10,0.927734375,10,0.927734375
qiskit_cdkm-bw1-a0-b1-whole,0.84765625,10,0.91796875,10,0.91796875
qiskit_cdkm-bw1-a1-b0-decomposed,0.80078125,10,0.060546875,11,0.859375
qiskit_cdkm-bw1-a1-b0-whole,0.814453125,10,0.849609375,10,0.849609375
qiskit_cdkm-bw1-a1-b1-decomposed,0.73828125,01,0.8828125,01,0.8828125
qiskit_cdkm-bw1-a1-b1-whole,0.73046875,01,0.703125,01,0.703125
toffoli-decomposed,0.740234375,111,0.001953125,110,0.970703125
toffoli-raw,0.78125,111,0.830078125,111,0.830078125
