circuit_case,era,expected_full,expected_full_count,top,p_top,decoded_top
cdkm@3+0,original_run1,111100,3,111010,0.484375,5
cdkm@3+0,original_run2,111100,2,111010,0.435546875,5
cdkm@3+0,original_run3,111100,0,111010,0.46484375,5
cdkm@3+0,original_run4,111100,2,111010,0.474609375,5
cdkm@3+0,25sep,111100,0,111010,0.654296875,5
cdkm@1+3,original_run1,100010,27,100000,0.748046875,0
cdkm@1+3,original_run2,100010,22,100000,0.79296875,0
cdkm@1+3,original_run3,100010,20,100000,0.759765625,0
cdkm@1+3,original_run4,100010,23,100000,0.76953125,0
cdkm@1+3,25sep,100010,17,100000,0.7109375,0
A_toffoli_raw_ccx,original,111,303,111,0.591796875,
A_toffoli_raw_ccx,25sep,111,304,111,0.59375,
B_toffoli_decomposed,original,111,19,110,0.873046875,
B_toffoli_decomposed,25sep,111,18,110,0.8671875,
