name,job_id,expected,top_q0_left,p_top
A_toffoli_raw_ccx,9866be2e-34f1-4ab7-9aa7-e3d6f4a31c18,111,111,0.591796875
B_toffoli_decomposed,0ba08611-799a-4403-9605-5322155fccd8,111,110,0.873046875
C1_single_x,66a21605-7150-41e6-976c-635911ed753a,1,10,0.892578125
C2_rz_pi_sandwich,a6e0af03-a9a2-4433-989e-edccbefa2e21,1,10,0.85546875
C3_hh_control,6ff426af-1566-4f3b-ac45-f1c03e8ac76b,0,00,0.986328125
D1_bitorder_100000,2c3ae2f1-5235-40e8-a5b0-2064cbadca98,100000,100000,0.677734375
D2_bitorder_110000,0983cd07-ca91-409b-9825-6bdcbcb0e6f4,110000,110000,0.728515625
D3_bitorder_001010,001e5d05-189e-4366-9bb0-b09152afc939,001010,001010,0.8515625
D4_bitorder_000110,33ccf03c-08d5-4dcd-aba9-e230ea2b7418,000110,000110,0.80859375
E1_route_q0_q5,198ea128-0b30-43e4-bd43-882cffc55a36,100001,100001,0.662109375
E2_route_chain,1171b1db-0659-43cf-b1ab-b4b613dbbee9,100101,100101,0.744140625
E3_route_fanout,1156cd1b-8593-445a-b71f-6dec20829dee,101011,101011,0.625
F1_iqm_raw_ccx,21d1cc6c-fd9d-43d4-9918-883aa7cdbd8d,111,111,0.857421875
F2_iqm_decomposed,409789b6-7b4a-47e7-ad94-17b3072e0261,111,110,0.958984375
