circuit,marked_state,direct_p_correct_17sep,oq_p_correct_17sep,oq_top_17sep,oq_p_top_17sep,direct_p_correct_25sep,oq_p_correct_25sep,oq_top_25sep,oq_p_top_25sep
cirq-grover-hw-000-10,10,0.931640625,0.015625,00,0.982421875,0.943359375,0.009765625,00,0.978515625
cirq-grover-hw-001-11,11,0.943359375,0.0,00,0.990234375,0.95703125,0.0,00,0.98828125
cirq-grover-hw-002-0111,0111,0.09765625,0.0078125,0000,0.2265625,0.12890625,0.017578125,0000,0.318359375
cirq-grover-hw-003-0110,0110,0.076171875,0.16015625,0100,0.21484375,0.13671875,0.091796875,0000,0.30078125
pennylane-grover-hw-000-10,10,0.912109375,0.955078125,10,0.955078125,0.953125,0.935546875,10,0.935546875
pennylane-grover-hw-001-11,11,0.9453125,0.912109375,11,0.912109375,0.9453125,0.888671875,11,0.888671875
pennylane-grover-hw-002-0111,0111,0.123046875,0.052734375,1001,0.091796875,0.078125,0.056640625,0000,0.09375
pennylane-grover-hw-003-0110,0110,0.12890625,0.05078125,0011,0.08984375,0.119140625,0.060546875,0010,0.083984375
qiskit-grover-hw-000-10,10,0.9296875,0.958984375,10,0.958984375,0.95703125,0.9296875,10,0.9296875
qiskit-grover-hw-001-11,11,0.9296875,0.935546875,11,0.935546875,0.9453125,0.890625,11,0.890625
qiskit-grover-hw-002-0111,0111,0.1875,0.06640625,1010,0.09375,0.26171875,0.046875,0011,0.087890625
qiskit-grover-hw-003-0110,0110,0.14453125,0.0703125,0010,0.087890625,0.345703125,0.064453125,0011,0.0859375
readout-grover-hw-000-10,10,0.9453125,0.98046875,10,0.98046875,0.958984375,0.978515625,10,0.978515625
readout-grover-hw-001-11,11,0.95703125,0.923828125,11,0.923828125,0.951171875,0.966796875,11,0.966796875
readout-grover-hw-002-0111,0111,0.921875,0.931640625,0111,0.931640625,0.9296875,0.90625,0111,0.90625
readout-grover-hw-003-0110,0110,0.935546875,0.919921875,0110,0.919921875,0.9375,0.9609375,0110,0.9609375
