circuit,marked_state,direct_p_correct,direct_top,direct_p_top,oq_p_correct,oq_top,oq_p_top
cirq-grover-hw-000-10,10,0.931640625,10,0.931640625,0.015625,00,0.982421875
cirq-grover-hw-001-11,11,0.943359375,11,0.943359375,0.0,00,0.990234375
cirq-grover-hw-002-0111,0111,0.09765625,0111,0.09765625,0.0078125,0000,0.2265625
cirq-grover-hw-003-0110,0110,0.076171875,1110,0.08203125,0.16015625,0100,0.21484375
pennylane-grover-hw-000-10,10,0.912109375,10,0.912109375,0.955078125,10,0.955078125
pennylane-grover-hw-001-11,11,0.9453125,11,0.9453125,0.912109375,11,0.912109375
pennylane-grover-hw-002-0111,0111,0.123046875,0111,0.123046875,0.052734375,1001,0.091796875
pennylane-grover-hw-003-0110,0110,0.12890625,0110,0.12890625,0.05078125,0011,0.08984375
qiskit-grover-hw-000-10,10,0.9296875,10,0.9296875,0.958984375,10,0.958984375
qiskit-grover-hw-001-11,11,0.9296875,11,0.9296875,0.935546875,11,0.935546875
qiskit-grover-hw-002-0111,0111,0.1875,0111,0.1875,0.06640625,1010,0.09375
qiskit-grover-hw-003-0110,0110,0.14453125,0110,0.14453125,0.0703125,0010,0.087890625
readout-grover-hw-000-10,10,0.9453125,10,0.9453125,0.98046875,10,0.98046875
readout-grover-hw-001-11,11,0.95703125,11,0.95703125,0.923828125,11,0.923828125
readout-grover-hw-002-0111,0111,0.921875,0111,0.921875,0.931640625,0111,0.931640625
readout-grover-hw-003-0110,0110,0.935546875,0110,0.935546875,0.919921875,0110,0.919921875
