name,job_id,description,expected,status,raw_top_littleendian,top_q0_left,p_top,shots
A_toffoli_raw_ccx,9866be2e-34f1-4ab7-9aa7-e3d6f4a31c18,Toffoli as high-level ccx (CORRECT),111,Completed,111,111,0.5918,512
B_toffoli_decomposed,0ba08611-799a-4403-9605-5322155fccd8,Toffoli pre-decomposed to rx/rz/cz/h/x/cx (WRONG),111,Completed,011,110,0.873,512
C1_single_x,66a21605-7150-41e6-976c-635911ed753a,x q[0] sanity check,1,Completed,01,10,0.8926,512
C2_rz_pi_sandwich,a6e0af03-a9a2-4433-989e-edccbefa2e21,H Z H == X : proves rz is honoured,1,Completed,01,10,0.8555,512
C3_hh_control,6ff426af-1566-4f3b-ac45-f1c03e8ac76b,H H == I control,0,Completed,00,00,0.9863,512
D1_bitorder_100000,2c3ae2f1-5235-40e8-a5b0-2064cbadca98,non-palindromic basis state,100000,Completed,000001,100000,0.6777,512
D2_bitorder_110000,0983cd07-ca91-409b-9825-6bdcbcb0e6f4,non-palindromic basis state,110000,Completed,000011,110000,0.7285,512
D3_bitorder_001010,001e5d05-189e-4366-9bb0-b09152afc939,non-palindromic basis state,001010,Completed,010100,001010,0.8516,512
D4_bitorder_000110,33ccf03c-08d5-4dcd-aba9-e230ea2b7418,non-palindromic basis state,000110,Completed,011000,000110,0.8086,512
E1_route_q0_q5,198ea128-0b30-43e4-bd43-882cffc55a36,"distant 2q gate, routing test",100001,Completed,100001,100001,0.6621,512
E2_route_chain,1171b1db-0659-43cf-b1ab-b4b613dbbee9,routing chain,100101,Completed,101001,100101,0.7441,512
E3_route_fanout,1156cd1b-8593-445a-b71f-6dec20829dee,routing fanout,101011,Completed,110101,101011,0.625,512
F1_iqm_raw_ccx,21d1cc6c-fd9d-43d4-9918-883aa7cdbd8d,IQM Garnet: Toffoli as high-level ccx (CORRECT),111,Completed,111,111,0.8574,512
F2_iqm_decomposed,409789b6-7b4a-47e7-ad94-17b3072e0261,IQM Garnet: same Toffoli pre-decomposed (WRONG) - proves defect is vendor-independent,111,Completed,011,110,0.959,512
