device,builder,case_id,rung,delta_sim,epsilon,off_target,hw_delta,p_value,detected,agrees_with_sim,note,job_id,submitted_at,p_holm_batch,detected_holm_batch,num_qubits,expected,control_successes,control_shots,mutant_successes,mutant_shots,control_p,mutant_p
ibm_kingston,cirq,grover-hw-000,large,1.0,,,0.9453125,0.0,True,True,,daimhhr9k43c73ag8js0,2026-09-12T14:59:19.866588+00:00,0.0,True,2,10,981,1024,13,1024,0.9580078125,0.0126953125
ibm_kingston,cirq,grover-hw-001,large,0.513671875,,,0.4375,2.380900495201611e-109,True,True,,daimhhr9k43c73ag8js0,2026-09-12T14:59:19.866588+00:00,4.523710940883061e-108,True,2,11,967,1024,519,1024,0.9443359375,0.5068359375
ibm_kingston,cirq,grover-hw-002,small,0.10009765625,0.8393554687499999,False,0.12890625,1.6521074175838944e-09,True,True,,daimhhr9k43c73ag8js0,2026-09-12T14:59:19.866588+00:00,1.3216859340671155e-08,True,4,0111,493,1024,361,1024,0.4814453125,0.3525390625
ibm_kingston,cirq,grover-hw-002,medium,0.25,1.4421752929687497,False,0.2138671875,7.73255847881062e-24,True,True,,daimhhr9k43c73ag8js0,2026-09-12T14:59:19.866588+00:00,9.279070174572743e-23,True,4,0111,493,1024,274,1024,0.4814453125,0.267578125
ibm_kingston,cirq,grover-hw-002,large,0.5859375,,,0.3017578125,4.883679075044107e-48,True,True,,daimhhr9k43c73ag8js0,2026-09-12T14:59:19.866588+00:00,7.813886520070571e-47,True,4,0111,493,1024,184,1024,0.4814453125,0.1796875
ibm_kingston,cirq,grover-hw-003,small,0.10009765625,0.8557403564453123,False,0.1064453125,4.5803035022707427e-07,True,True,,daimhhr9k43c73ag8js0,2026-09-12T14:59:19.866588+00:00,2.2901517511353712e-06,True,4,0110,468,1024,359,1024,0.45703125,0.3505859375
ibm_kingston,cirq,grover-hw-003,medium,0.25,1.43785400390625,False,0.1748046875,1.2612501032182306e-16,True,True,,daimhhr9k43c73ag8js0,2026-09-12T14:59:19.866588+00:00,1.3873751135400537e-15,True,4,0110,468,1024,289,1024,0.45703125,0.2822265625
ibm_kingston,cirq,grover-hw-003,large,0.5810546875,,,0.2763671875,2.3520896442401567e-41,True,True,,daimhhr9k43c73ag8js0,2026-09-12T14:59:19.866588+00:00,3.528134466360235e-40,True,4,0110,468,1024,185,1024,0.45703125,0.1806640625
ibm_kingston,pennylane,grover-hw-000,large,1.0,,,0.9365234375,0.0,True,True,,daimhhr9k43c73ag8js0,2026-09-12T14:59:19.866588+00:00,0.0,True,2,10,977,1024,18,1024,0.9541015625,0.017578125
ibm_kingston,pennylane,grover-hw-001,large,1.0,,,0.9375,0.0,True,True,,daimhhr9k43c73ag8js0,2026-09-12T14:59:19.866588+00:00,0.0,True,2,11,975,1024,15,1024,0.9521484375,0.0146484375
ibm_kingston,pennylane,grover-hw-002,small,0.10009765625,0.6783424377441405,False,0.0498046875,0.011339028119442167,False,False,,daimhhr9k43c73ag8js0,2026-09-12T14:59:19.866588+00:00,0.022678056238884334,False,4,0111,462,1024,411,1024,0.451171875,0.4013671875
ibm_kingston,pennylane,grover-hw-002,medium,0.25,1.1305023193359376,False,0.119140625,1.6658694048297464e-08,True,True,,daimhhr9k43c73ag8js0,2026-09-12T14:59:19.866588+00:00,9.995216428978477e-08,True,4,0111,462,1024,340,1024,0.451171875,0.33203125
ibm_kingston,pennylane,grover-hw-002,large,0.9111328125,,,0.375,6.113307134268643e-83,True,True,,daimhhr9k43c73ag8js0,2026-09-12T14:59:19.866588+00:00,1.1003952841683556e-81,True,4,0111,462,1024,78,1024,0.451171875,0.076171875
ibm_kingston,pennylane,grover-hw-003,small,0.10009765625,0.6929718017578124,False,0.0361328125,0.04479686499815543,False,False,,daimhhr9k43c73ag8js0,2026-09-12T14:59:19.866588+00:00,0.04479686499815543,False,4,0110,393,1024,356,1024,0.3837890625,0.34765625
ibm_kingston,pennylane,grover-hw-003,medium,0.25,1.141845703125,False,0.12109375,2.3373030818750843e-09,True,True,,daimhhr9k43c73ag8js0,2026-09-12T14:59:19.866588+00:00,1.636112157312559e-08,True,4,0110,393,1024,269,1024,0.3837890625,0.2626953125
ibm_kingston,pennylane,grover-hw-003,large,0.91796875,,,0.3349609375,5.608722546590565e-76,True,True,,daimhhr9k43c73ag8js0,2026-09-12T14:59:19.866588+00:00,9.534828329203961e-75,True,4,0110,393,1024,50,1024,0.3837890625,0.048828125
ibm_kingston,qiskit,grover-hw-000,large,1.0,,,0.9326171875,0.0,True,True,,daimhhr9k43c73ag8js0,2026-09-12T14:59:19.866588+00:00,0.0,True,2,10,981,1024,26,1024,0.9580078125,0.025390625
ibm_kingston,qiskit,grover-hw-001,large,1.0,,,0.94140625,0.0,True,True,,daimhhr9k43c73ag8js0,2026-09-12T14:59:19.866588+00:00,0.0,True,2,11,986,1024,22,1024,0.962890625,0.021484375
ibm_kingston,qiskit,grover-hw-002,small,0.10009765625,0.8595214843749999,False,0.0888671875,2.8460999845879337e-05,False,False,,daimhhr9k43c73ag8js0,2026-09-12T14:59:19.866588+00:00,8.538299953763802e-05,False,4,0111,536,1024,445,1024,0.5234375,0.4345703125
ibm_kingston,qiskit,grover-hw-002,medium,0.25,1.4184082031249998,False,0.1708984375,3.2419981511295977e-15,True,True,,daimhhr9k43c73ag8js0,2026-09-12T14:59:19.866588+00:00,3.241998151129598e-14,True,4,0111,536,1024,361,1024,0.5234375,0.3525390625
ibm_kingston,qiskit,grover-hw-002,large,0.568359375,,,0.2392578125,1.314382992264887e-28,True,True,,daimhhr9k43c73ag8js0,2026-09-12T14:59:19.866588+00:00,1.708697889944353e-27,True,4,0111,536,1024,291,1024,0.5234375,0.2841796875
ibm_kingston,qiskit,grover-hw-003,small,0.10009765625,0.8479980468749999,False,0.0947265625,9.055096554871185e-06,False,False,,daimhhr9k43c73ag8js0,2026-09-12T14:59:19.866588+00:00,3.622038621948474e-05,False,4,0110,556,1024,459,1024,0.54296875,0.4482421875
ibm_kingston,qiskit,grover-hw-003,medium,0.25,1.4529785156249997,False,0.16796875,1.200438060066962e-14,True,True,,daimhhr9k43c73ag8js0,2026-09-12T14:59:19.866588+00:00,1.0803942540602658e-13,True,4,0110,556,1024,384,1024,0.54296875,0.375
ibm_kingston,qiskit,grover-hw-003,large,0.5927734375,,,0.2451171875,1.357003581640678e-29,True,True,,daimhhr9k43c73ag8js0,2026-09-12T14:59:19.866588+00:00,1.8998050142969491e-28,True,4,0110,556,1024,305,1024,0.54296875,0.2978515625
ibm_kingston,cirq,grover-hw-000,large,1.0,,,0.923828125,0.0,True,True,,daj1asomhr3c73e8cbj0,2026-09-13T03:16:03.958807+00:00,0.0,True,2,10,975,1024,29,1024,0.9521484375,0.0283203125
ibm_kingston,cirq,grover-hw-001,large,0.513671875,,,0.4501953125,4.92187894025384e-115,True,True,,daj1asomhr3c73e8cbj0,2026-09-13T03:16:03.958807+00:00,8.367194198431527e-114,True,2,11,971,1024,510,1024,0.9482421875,0.498046875
ibm_kingston,cirq,grover-hw-002,small,0.10009765625,0.8393554687499999,False,0.0205078125,0.17541114857584733,False,False,,daj1asomhr3c73e8cbj0,2026-09-13T03:16:03.958807+00:00,0.35082229715169466,False,4,0111,470,1024,449,1024,0.458984375,0.4384765625
ibm_kingston,cirq,grover-hw-002,medium,0.25,1.4421752929687497,False,0.0810546875,0.00010044603374364567,False,False,,daj1asomhr3c73e8cbj0,2026-09-13T03:16:03.958807+00:00,0.0007031222362055197,False,4,0111,470,1024,387,1024,0.458984375,0.3779296875
ibm_kingston,cirq,grover-hw-002,large,0.5859375,,,0.232421875,7.818887446161669e-29,True,True,,daj1asomhr3c73e8cbj0,2026-09-13T03:16:03.958807+00:00,1.016455368001017e-27,True,4,0111,470,1024,232,1024,0.458984375,0.2265625
ibm_kingston,cirq,grover-hw-003,small,0.10009765625,0.8557403564453123,False,0.0654296875,0.0015255190658842,False,False,,daj1asomhr3c73e8cbj0,2026-09-13T03:16:03.958807+00:00,0.007627595329421,False,4,0110,529,1024,462,1024,0.5166015625,0.451171875
ibm_kingston,cirq,grover-hw-003,medium,0.25,1.43785400390625,False,0.099609375,3.1245981868623656e-06,False,False,,daj1asomhr3c73e8cbj0,2026-09-13T03:16:03.958807+00:00,2.4996785494898925e-05,False,4,0110,529,1024,427,1024,0.5166015625,0.4169921875
ibm_kingston,cirq,grover-hw-003,large,0.5810546875,,,0.240234375,5.45147716243749e-29,True,True,,daj1asomhr3c73e8cbj0,2026-09-13T03:16:03.958807+00:00,7.632068027412486e-28,True,4,0110,529,1024,283,1024,0.5166015625,0.2763671875
ibm_kingston,pennylane,grover-hw-000,large,1.0,,,0.9287109375,0.0,True,True,,daj1asomhr3c73e8cbj0,2026-09-13T03:16:03.958807+00:00,0.0,True,2,10,974,1024,23,1024,0.951171875,0.0224609375
ibm_kingston,pennylane,grover-hw-001,large,1.0,,,0.9248046875,0.0,True,True,,daj1asomhr3c73e8cbj0,2026-09-13T03:16:03.958807+00:00,0.0,True,2,11,978,1024,31,1024,0.955078125,0.0302734375
ibm_kingston,pennylane,grover-hw-002,small,0.10009765625,0.6783424377441405,False,0.052734375,0.008504720552644847,False,False,,daj1asomhr3c73e8cbj0,2026-09-13T03:16:03.958807+00:00,0.02551416165793454,False,4,0111,541,1024,487,1024,0.5283203125,0.4755859375
ibm_kingston,pennylane,grover-hw-002,medium,0.25,1.1305023193359376,False,0.1025390625,1.6980458122920138e-06,True,True,,daj1asomhr3c73e8cbj0,2026-09-13T03:16:03.958807+00:00,1.5282412310628124e-05,True,4,0111,541,1024,436,1024,0.5283203125,0.42578125
ibm_kingston,pennylane,grover-hw-002,large,0.9111328125,,,0.49609375,3.6128817536613765e-138,True,True,,daj1asomhr3c73e8cbj0,2026-09-13T03:16:03.958807+00:00,6.864475331956615e-137,True,4,0111,541,1024,33,1024,0.5283203125,0.0322265625
ibm_kingston,pennylane,grover-hw-003,small,0.10009765625,0.6929718017578124,False,-0.001953125,0.5352401987931208,False,False,,daj1asomhr3c73e8cbj0,2026-09-13T03:16:03.958807+00:00,0.5352401987931208,False,4,0110,492,1024,494,1024,0.48046875,0.482421875
ibm_kingston,pennylane,grover-hw-003,medium,0.25,1.141845703125,False,0.0771484375,0.00021974747200447658,False,False,,daj1asomhr3c73e8cbj0,2026-09-13T03:16:03.958807+00:00,0.0013184848320268595,False,4,0110,492,1024,413,1024,0.48046875,0.4033203125
ibm_kingston,pennylane,grover-hw-003,large,0.91796875,,,0.447265625,5.145454169824823e-119,True,True,,daj1asomhr3c73e8cbj0,2026-09-13T03:16:03.958807+00:00,9.261817505684682e-118,True,4,0110,492,1024,34,1024,0.48046875,0.033203125
ibm_kingston,qiskit,grover-hw-000,large,1.0,,,0.9189453125,0.0,True,True,,daj1asomhr3c73e8cbj0,2026-09-13T03:16:03.958807+00:00,0.0,True,2,10,969,1024,28,1024,0.9462890625,0.02734375
ibm_kingston,qiskit,grover-hw-001,large,1.0,,,0.931640625,0.0,True,True,,daj1asomhr3c73e8cbj0,2026-09-13T03:16:03.958807+00:00,0.0,True,2,11,980,1024,26,1024,0.95703125,0.025390625
ibm_kingston,qiskit,grover-hw-002,small,0.10009765625,0.8595214843749999,False,0.1103515625,2.3204161272450318e-07,True,True,,daj1asomhr3c73e8cbj0,2026-09-13T03:16:03.958807+00:00,2.320416127245032e-06,True,4,0111,638,1024,525,1024,0.623046875,0.5126953125
ibm_kingston,qiskit,grover-hw-002,medium,0.25,1.4184082031249998,False,0.2021484375,2.6670090825287623e-20,True,True,,daj1asomhr3c73e8cbj0,2026-09-13T03:16:03.958807+00:00,3.200410899034515e-19,True,4,0111,638,1024,431,1024,0.623046875,0.4208984375
ibm_kingston,qiskit,grover-hw-002,large,0.568359375,,,0.3828125,8.791237929388844e-69,True,True,,daj1asomhr3c73e8cbj0,2026-09-13T03:16:03.958807+00:00,1.3186856894083267e-67,True,4,0111,638,1024,246,1024,0.623046875,0.240234375
ibm_kingston,qiskit,grover-hw-003,small,0.10009765625,0.8479980468749999,False,0.0576171875,0.00420060108384569,False,False,,daj1asomhr3c73e8cbj0,2026-09-13T03:16:03.958807+00:00,0.01680240433538276,False,4,0110,616,1024,557,1024,0.6015625,0.5439453125
ibm_kingston,qiskit,grover-hw-003,medium,0.25,1.4529785156249997,False,0.1787109375,2.984580051434362e-16,True,True,,daj1asomhr3c73e8cbj0,2026-09-13T03:16:03.958807+00:00,3.283038056577798e-15,True,4,0110,616,1024,433,1024,0.6015625,0.4228515625
ibm_kingston,qiskit,grover-hw-003,large,0.5927734375,,,0.384765625,1.8494179442637294e-70,True,True,,daj1asomhr3c73e8cbj0,2026-09-13T03:16:03.958807+00:00,2.959068710821967e-69,True,4,0110,616,1024,222,1024,0.6015625,0.216796875
ibm_kingston,cirq,grover-hw-000,large,1.0,,,0.9287109375,0.0,True,True,,daj1asphvn6c73ctqp8g,2026-09-13T03:16:03.446542+00:00,0.0,True,2,10,971,1024,20,1024,0.9482421875,0.01953125
ibm_kingston,cirq,grover-hw-001,large,0.513671875,,,0.482421875,2.0143944064874206e-127,True,True,,daj1asphvn6c73ctqp8g,2026-09-13T03:16:03.446542+00:00,3.827349372326099e-126,True,2,11,971,1024,477,1024,0.9482421875,0.4658203125
ibm_kingston,cirq,grover-hw-002,small,0.10009765625,0.8393554687499999,False,0.0439453125,0.022893483879660757,False,False,,daj1asphvn6c73ctqp8g,2026-09-13T03:16:03.446542+00:00,0.11446741939830378,False,4,0111,487,1024,442,1024,0.4755859375,0.431640625
ibm_kingston,cirq,grover-hw-002,medium,0.25,1.4421752929687497,False,0.1015625,1.6671788093640279e-06,True,True,,daj1asphvn6c73ctqp8g,2026-09-13T03:16:03.446542+00:00,1.3337430474912223e-05,True,4,0111,487,1024,383,1024,0.4755859375,0.3740234375
ibm_kingston,cirq,grover-hw-002,large,0.5859375,,,0.2255859375,1.2500835604984543e-26,True,True,,daj1asphvn6c73ctqp8g,2026-09-13T03:16:03.446542+00:00,1.750116984697836e-25,True,4,0111,487,1024,256,1024,0.4755859375,0.25
ibm_kingston,cirq,grover-hw-003,small,0.10009765625,0.8557403564453123,False,0.0556640625,0.0058528071768808535,False,False,,daj1asphvn6c73ctqp8g,2026-09-13T03:16:03.446542+00:00,0.035116843061285125,False,4,0110,521,1024,464,1024,0.5087890625,0.453125
ibm_kingston,cirq,grover-hw-003,medium,0.25,1.43785400390625,False,0.12109375,1.7974689797596045e-08,True,True,,daj1asphvn6c73ctqp8g,2026-09-13T03:16:03.446542+00:00,1.7974689797596044e-07,True,4,0110,521,1024,397,1024,0.5087890625,0.3876953125
ibm_kingston,cirq,grover-hw-003,large,0.5810546875,,,0.197265625,5.687582510517793e-20,True,True,,daj1asphvn6c73ctqp8g,2026-09-13T03:16:03.446542+00:00,7.39385726367313e-19,True,4,0110,521,1024,319,1024,0.5087890625,0.3115234375
ibm_kingston,pennylane,grover-hw-000,large,1.0,,,0.923828125,0.0,True,True,,daj1asphvn6c73ctqp8g,2026-09-13T03:16:03.446542+00:00,0.0,True,2,10,969,1024,23,1024,0.9462890625,0.0224609375
ibm_kingston,pennylane,grover-hw-001,large,1.0,,,0.9443359375,0.0,True,True,,daj1asphvn6c73ctqp8g,2026-09-13T03:16:03.446542+00:00,0.0,True,2,11,978,1024,11,1024,0.955078125,0.0107421875
ibm_kingston,pennylane,grover-hw-002,small,0.10009765625,0.6783424377441405,False,0.01171875,0.29787279245003495,False,False,,daj1asphvn6c73ctqp8g,2026-09-13T03:16:03.446542+00:00,0.5966525050456973,False,4,0111,532,1024,520,1024,0.51953125,0.5078125
ibm_kingston,pennylane,grover-hw-002,medium,0.25,1.1305023193359376,False,0.1103515625,2.768841657638702e-07,True,True,,daj1asphvn6c73ctqp8g,2026-09-13T03:16:03.446542+00:00,2.491957491874832e-06,True,4,0111,532,1024,419,1024,0.51953125,0.4091796875
ibm_kingston,pennylane,grover-hw-002,large,0.9111328125,,,0.4755859375,9.014846539688566e-127,True,True,,daj1asphvn6c73ctqp8g,2026-09-13T03:16:03.446542+00:00,1.5325239117470563e-125,True,4,0111,532,1024,45,1024,0.51953125,0.0439453125
ibm_kingston,pennylane,grover-hw-003,small,0.10009765625,0.6929718017578124,False,0.0078125,0.3617454800435499,False,False,,daj1asphvn6c73ctqp8g,2026-09-13T03:16:03.446542+00:00,0.5966525050456973,False,4,0110,497,1024,489,1024,0.4853515625,0.4775390625
ibm_kingston,pennylane,grover-hw-003,medium,0.25,1.141845703125,False,0.12890625,1.7310808840045515e-09,True,True,,daj1asphvn6c73ctqp8g,2026-09-13T03:16:03.446542+00:00,1.9041889724050067e-08,True,4,0110,497,1024,365,1024,0.4853515625,0.3564453125
ibm_kingston,pennylane,grover-hw-003,large,0.91796875,,,0.4609375,6.970407719894975e-127,True,True,,daj1asphvn6c73ctqp8g,2026-09-13T03:16:03.446542+00:00,1.2546733895810955e-125,True,4,0110,497,1024,25,1024,0.4853515625,0.0244140625
ibm_kingston,qiskit,grover-hw-000,large,1.0,,,0.9326171875,0.0,True,True,,daj1asphvn6c73ctqp8g,2026-09-13T03:16:03.446542+00:00,0.0,True,2,10,980,1024,25,1024,0.95703125,0.0244140625
ibm_kingston,qiskit,grover-hw-001,large,1.0,,,0.916015625,0.0,True,True,,daj1asphvn6c73ctqp8g,2026-09-13T03:16:03.446542+00:00,0.0,True,2,11,960,1024,22,1024,0.9375,0.021484375
ibm_kingston,qiskit,grover-hw-002,small,0.10009765625,0.8595214843749999,False,0.0419921875,0.0275489720399788,False,False,,daj1asphvn6c73ctqp8g,2026-09-13T03:16:03.446542+00:00,0.11446741939830378,False,4,0111,603,1024,560,1024,0.5888671875,0.546875
ibm_kingston,qiskit,grover-hw-002,medium,0.25,1.4184082031249998,False,0.140625,9.553782005180341e-11,True,True,,daj1asphvn6c73ctqp8g,2026-09-13T03:16:03.446542+00:00,1.146453840621641e-09,True,4,0111,603,1024,459,1024,0.5888671875,0.4482421875
ibm_kingston,qiskit,grover-hw-002,large,0.568359375,,,0.3388671875,9.530816240735445e-55,True,True,,daj1asphvn6c73ctqp8g,2026-09-13T03:16:03.446542+00:00,1.4296224361103167e-53,True,4,0111,603,1024,256,1024,0.5888671875,0.25
ibm_kingston,qiskit,grover-hw-003,small,0.10009765625,0.8479980468749999,False,0.0185546875,0.1988841683485658,False,False,,daj1asphvn6c73ctqp8g,2026-09-13T03:16:03.446542+00:00,0.5966525050456973,False,4,0110,582,1024,563,1024,0.568359375,0.5498046875
ibm_kingston,qiskit,grover-hw-003,medium,0.25,1.4529785156249997,False,0.1025390625,1.7160906697339309e-06,True,True,,daj1asphvn6c73ctqp8g,2026-09-13T03:16:03.446542+00:00,1.3337430474912223e-05,True,4,0110,582,1024,477,1024,0.568359375,0.4658203125
ibm_kingston,qiskit,grover-hw-003,large,0.5927734375,,,0.3408203125,3.151821378110574e-56,True,True,,daj1asphvn6c73ctqp8g,2026-09-13T03:16:03.446542+00:00,5.042914204976918e-55,True,4,0110,582,1024,233,1024,0.568359375,0.2275390625
ibm_kingston,cirq,grover-hw-000,large,1.0,,,0.9345703125,0.0,True,True,,daj1asphvn6c73ctqp90,2026-09-13T03:16:03.585168+00:00,0.0,True,2,10,981,1024,24,1024,0.9580078125,0.0234375
ibm_kingston,cirq,grover-hw-001,large,0.513671875,,,0.4775390625,4.622537209830945e-128,True,True,,daj1asphvn6c73ctqp90,2026-09-13T03:16:03.585168+00:00,8.320566977695701e-127,True,2,11,981,1024,492,1024,0.9580078125,0.48046875
ibm_kingston,cirq,grover-hw-002,small,0.10009765625,0.8393554687499999,False,0.017578125,0.21230499849123566,False,False,,daj1asphvn6c73ctqp90,2026-09-13T03:16:03.585168+00:00,0.4246099969824713,False,4,0111,477,1024,459,1024,0.4658203125,0.4482421875
ibm_kingston,cirq,grover-hw-002,medium,0.25,1.4421752929687497,False,0.080078125,0.00012390213718462158,False,False,,daj1asphvn6c73ctqp90,2026-09-13T03:16:03.585168+00:00,0.0007434128231077295,False,4,0111,477,1024,395,1024,0.4658203125,0.3857421875
ibm_kingston,cirq,grover-hw-002,large,0.5859375,,,0.21875,2.4571765343788425e-25,True,True,,daj1asphvn6c73ctqp90,2026-09-13T03:16:03.585168+00:00,3.1943294946924953e-24,True,4,0111,477,1024,253,1024,0.4658203125,0.2470703125
ibm_kingston,cirq,grover-hw-003,small,0.10009765625,0.8557403564453123,False,0.0244140625,0.1345609999409881,False,False,,daj1asphvn6c73ctqp90,2026-09-13T03:16:03.585168+00:00,0.4036829998229643,False,4,0110,514,1024,489,1024,0.501953125,0.4775390625
ibm_kingston,cirq,grover-hw-003,medium,0.25,1.43785400390625,False,0.0927734375,1.2482065068792456e-05,False,False,,daj1asphvn6c73ctqp90,2026-09-13T03:16:03.585168+00:00,0.0001123385856191321,False,4,0110,514,1024,419,1024,0.501953125,0.4091796875
ibm_kingston,cirq,grover-hw-003,large,0.5810546875,,,0.2353515625,3.3943547624316714e-28,True,True,,daj1asphvn6c73ctqp90,2026-09-13T03:16:03.585168+00:00,4.75209666740434e-27,True,4,0110,514,1024,273,1024,0.501953125,0.2666015625
ibm_kingston,pennylane,grover-hw-000,large,1.0,,,0.9423828125,0.0,True,True,,daj1asphvn6c73ctqp90,2026-09-13T03:16:03.585168+00:00,0.0,True,2,10,984,1024,19,1024,0.9609375,0.0185546875
ibm_kingston,pennylane,grover-hw-001,large,1.0,,,0.9248046875,0.0,True,True,,daj1asphvn6c73ctqp90,2026-09-13T03:16:03.585168+00:00,0.0,True,2,11,970,1024,23,1024,0.947265625,0.0224609375
ibm_kingston,pennylane,grover-hw-002,small,0.10009765625,0.6783424377441405,False,0.0029296875,0.44725975294872583,False,False,,daj1asphvn6c73ctqp90,2026-09-13T03:16:03.585168+00:00,0.44725975294872583,False,4,0111,518,1024,515,1024,0.505859375,0.5029296875
ibm_kingston,pennylane,grover-hw-002,medium,0.25,1.1305023193359376,False,0.125,6.222931318014086e-09,True,True,,daj1asphvn6c73ctqp90,2026-09-13T03:16:03.585168+00:00,6.222931318014087e-08,True,4,0111,518,1024,390,1024,0.505859375,0.380859375
ibm_kingston,pennylane,grover-hw-002,large,0.9111328125,,,0.45703125,2.332655147392067e-118,True,True,,daj1asphvn6c73ctqp90,2026-09-13T03:16:03.585168+00:00,3.9655137505665136e-117,True,4,0111,518,1024,50,1024,0.505859375,0.048828125
ibm_kingston,pennylane,grover-hw-003,small,0.10009765625,0.6929718017578124,False,0.0380859375,0.042267701584407506,False,False,,daj1asphvn6c73ctqp90,2026-09-13T03:16:03.585168+00:00,0.16907080633763003,False,4,0110,511,1024,472,1024,0.4990234375,0.4609375
ibm_kingston,pennylane,grover-hw-003,medium,0.25,1.141845703125,False,0.091796875,1.5055213929265056e-05,False,False,,daj1asphvn6c73ctqp90,2026-09-13T03:16:03.585168+00:00,0.00012044171143412044,False,4,0110,511,1024,417,1024,0.4990234375,0.4072265625
ibm_kingston,pennylane,grover-hw-003,large,0.91796875,,,0.4697265625,1.0391769306233759e-128,True,True,,daj1asphvn6c73ctqp90,2026-09-13T03:16:03.585168+00:00,1.974436168184414e-127,True,4,0110,511,1024,30,1024,0.4990234375,0.029296875
ibm_kingston,qiskit,grover-hw-000,large,1.0,,,0.92578125,0.0,True,True,,daj1asphvn6c73ctqp90,2026-09-13T03:16:03.585168+00:00,0.0,True,2,10,972,1024,24,1024,0.94921875,0.0234375
ibm_kingston,qiskit,grover-hw-001,large,1.0,,,0.92578125,0.0,True,True,,daj1asphvn6c73ctqp90,2026-09-13T03:16:03.585168+00:00,0.0,True,2,11,971,1024,23,1024,0.9482421875,0.0224609375
ibm_kingston,qiskit,grover-hw-002,small,0.10009765625,0.8595214843749999,False,0.087890625,3.1919822363557904e-05,False,False,,daj1asphvn6c73ctqp90,2026-09-13T03:16:03.585168+00:00,0.00022343875654490532,False,4,0111,609,1024,519,1024,0.5947265625,0.5068359375
ibm_kingston,qiskit,grover-hw-002,medium,0.25,1.4184082031249998,False,0.1318359375,1.142423986385905e-09,True,True,,daj1asphvn6c73ctqp90,2026-09-13T03:16:03.585168+00:00,1.2566663850244955e-08,True,4,0111,609,1024,474,1024,0.5947265625,0.462890625
ibm_kingston,qiskit,grover-hw-002,large,0.568359375,,,0.34765625,1.8464988890511e-57,True,True,,daj1asphvn6c73ctqp90,2026-09-13T03:16:03.585168+00:00,2.76974833357665e-56,True,4,0111,609,1024,253,1024,0.5947265625,0.2470703125
ibm_kingston,qiskit,grover-hw-003,small,0.10009765625,0.8479980468749999,False,0.0791015625,0.00015453243122122185,False,False,,daj1asphvn6c73ctqp90,2026-09-13T03:16:03.585168+00:00,0.0007726621561061093,False,4,0110,616,1024,535,1024,0.6015625,0.5224609375
ibm_kingston,qiskit,grover-hw-003,medium,0.25,1.4529785156249997,False,0.171875,3.570040157014368e-15,True,True,,daj1asphvn6c73ctqp90,2026-09-13T03:16:03.585168+00:00,4.2840481884172417e-14,True,4,0110,616,1024,440,1024,0.6015625,0.4296875
ibm_kingston,qiskit,grover-hw-003,large,0.5927734375,,,0.3603515625,1.4782938302308895e-61,True,True,,daj1asphvn6c73ctqp90,2026-09-13T03:16:03.585168+00:00,2.3652701283694233e-60,True,4,0110,616,1024,247,1024,0.6015625,0.2412109375
ibm_kingston,cirq,grover-hw-000,large,1.0,,,0.9052734375,0.0,True,True,,daj6c9vi3e6s738psv0g,2026-09-13T09:00:23.593268+00:00,0.0,True,2,10,967,1024,40,1024,0.9443359375,0.0390625
ibm_kingston,cirq,grover-hw-001,large,0.513671875,,,0.435546875,8.621870998415321e-101,True,True,,daj6c9vi3e6s738psv0g,2026-09-13T09:00:23.593268+00:00,1.4657180697306047e-99,True,2,11,928,1024,482,1024,0.90625,0.470703125
ibm_kingston,cirq,grover-hw-002,small,0.10009765625,0.8393554687499999,False,0.025390625,0.12422311395035184,False,False,,daj6c9vi3e6s738psv0g,2026-09-13T09:00:23.593268+00:00,0.24844622790070367,False,4,0111,573,1024,547,1024,0.5595703125,0.5341796875
ibm_kingston,cirq,grover-hw-002,medium,0.25,1.4421752929687497,False,0.1142578125,1.165594573185722e-07,True,True,,daj6c9vi3e6s738psv0g,2026-09-13T09:00:23.593268+00:00,8.159162012300053e-07,True,4,0111,573,1024,456,1024,0.5595703125,0.4453125
ibm_kingston,cirq,grover-hw-002,large,0.5859375,,,0.33984375,2.566484306464853e-56,True,True,,daj6c9vi3e6s738psv0g,2026-09-13T09:00:23.593268+00:00,3.8497264596972796e-55,True,4,0111,573,1024,225,1024,0.5595703125,0.2197265625
ibm_kingston,cirq,grover-hw-003,small,0.10009765625,0.8557403564453123,False,0.0673828125,0.0010644404081991685,False,False,,daj6c9vi3e6s738psv0g,2026-09-13T09:00:23.593268+00:00,0.005322202040995843,False,4,0110,608,1024,539,1024,0.59375,0.5263671875
ibm_kingston,cirq,grover-hw-003,medium,0.25,1.43785400390625,False,0.1513671875,3.576291945970926e-12,True,True,,daj6c9vi3e6s738psv0g,2026-09-13T09:00:23.593268+00:00,3.2186627513738335e-11,True,4,0110,608,1024,453,1024,0.59375,0.4423828125
ibm_kingston,cirq,grover-hw-003,large,0.5810546875,,,0.328125,3.767255736409335e-51,True,True,,daj6c9vi3e6s738psv0g,2026-09-13T09:00:23.593268+00:00,4.897432457332135e-50,True,4,0110,608,1024,272,1024,0.59375,0.265625
ibm_kingston,pennylane,grover-hw-000,large,1.0,,,0.9296875,0.0,True,True,,daj6c9vi3e6s738psv0g,2026-09-13T09:00:23.593268+00:00,0.0,True,2,10,972,1024,20,1024,0.94921875,0.01953125
ibm_kingston,pennylane,grover-hw-001,large,1.0,,,0.8974609375,0.0,True,True,,daj6c9vi3e6s738psv0g,2026-09-13T09:00:23.593268+00:00,0.0,True,2,11,935,1024,16,1024,0.9130859375,0.015625
ibm_kingston,pennylane,grover-hw-002,small,0.10009765625,0.6783424377441405,False,0.0576171875,0.004399993036232895,False,False,,daj6c9vi3e6s738psv0g,2026-09-13T09:00:23.593268+00:00,0.01759997214493158,False,4,0111,591,1024,532,1024,0.5771484375,0.51953125
ibm_kingston,pennylane,grover-hw-002,medium,0.25,1.1305023193359376,False,0.158203125,4.0482738478913053e-13,True,True,,daj6c9vi3e6s738psv0g,2026-09-13T09:00:23.593268+00:00,4.453101232680436e-12,True,4,0111,591,1024,429,1024,0.5771484375,0.4189453125
ibm_kingston,pennylane,grover-hw-002,large,0.9111328125,,,0.55078125,1.2404683037584694e-162,True,True,,daj6c9vi3e6s738psv0g,2026-09-13T09:00:23.593268+00:00,2.232842946765245e-161,True,4,0111,591,1024,27,1024,0.5771484375,0.0263671875
ibm_kingston,pennylane,grover-hw-003,small,0.10009765625,0.6929718017578124,False,0.1455078125,1.7651824113580223e-11,True,True,,daj6c9vi3e6s738psv0g,2026-09-13T09:00:23.593268+00:00,1.4121459290864178e-10,True,4,0110,641,1024,492,1024,0.6259765625,0.48046875
ibm_kingston,pennylane,grover-hw-003,medium,0.25,1.141845703125,False,0.1904296875,2.9564494409329612e-18,True,True,,daj6c9vi3e6s738psv0g,2026-09-13T09:00:23.593268+00:00,3.5477393291195533e-17,True,4,0110,641,1024,446,1024,0.6259765625,0.435546875
ibm_kingston,pennylane,grover-hw-003,large,0.91796875,,,0.5888671875,1.548879748697091e-176,True,True,,daj6c9vi3e6s738psv0g,2026-09-13T09:00:23.593268+00:00,2.942871522524473e-175,True,4,0110,641,1024,38,1024,0.6259765625,0.037109375
ibm_kingston,qiskit,grover-hw-000,large,1.0,,,0.9130859375,0.0,True,True,,daj6c9vi3e6s738psv0g,2026-09-13T09:00:23.593268+00:00,0.0,True,2,10,973,1024,38,1024,0.9501953125,0.037109375
ibm_kingston,qiskit,grover-hw-001,large,1.0,,,0.892578125,0.0,True,True,,daj6c9vi3e6s738psv0g,2026-09-13T09:00:23.593268+00:00,0.0,True,2,11,930,1024,16,1024,0.908203125,0.015625
ibm_kingston,qiskit,grover-hw-002,small,0.10009765625,0.8595214843749999,False,0.0498046875,0.011911471513055088,False,False,,daj6c9vi3e6s738psv0g,2026-09-13T09:00:23.593268+00:00,0.03573441453916526,False,4,0111,575,1024,524,1024,0.5615234375,0.51171875
ibm_kingston,qiskit,grover-hw-002,medium,0.25,1.4184082031249998,False,0.0908203125,1.959583031194211e-05,False,False,,daj6c9vi3e6s738psv0g,2026-09-13T09:00:23.593268+00:00,0.00011757498187165266,False,4,0111,575,1024,482,1024,0.5615234375,0.470703125
ibm_kingston,qiskit,grover-hw-002,large,0.568359375,,,0.3291015625,1.3016278102680539e-52,True,True,,daj6c9vi3e6s738psv0g,2026-09-13T09:00:23.593268+00:00,1.8222789343752755e-51,True,4,0111,575,1024,238,1024,0.5615234375,0.232421875
ibm_kingston,qiskit,grover-hw-003,small,0.10009765625,0.8479980468749999,False,0.0234375,0.1396440801144403,False,False,,daj6c9vi3e6s738psv0g,2026-09-13T09:00:23.593268+00:00,0.24844622790070367,False,4,0110,625,1024,601,1024,0.6103515625,0.5869140625
ibm_kingston,qiskit,grover-hw-003,medium,0.25,1.4529785156249997,False,0.15625,6.91211391708287e-13,True,True,,daj6c9vi3e6s738psv0g,2026-09-13T09:00:23.593268+00:00,6.912113917082869e-12,True,4,0110,625,1024,465,1024,0.6103515625,0.4541015625
ibm_kingston,qiskit,grover-hw-003,large,0.5927734375,,,0.3759765625,8.82436220438304e-67,True,True,,daj6c9vi3e6s738psv0g,2026-09-13T09:00:23.593268+00:00,1.4118979527012863e-65,True,4,0110,625,1024,240,1024,0.6103515625,0.234375
ibm_kingston,cirq,grover-hw-000,large,1.0,,,0.921875,0.0,True,True,,daj6mk0mhr3c73e8jka0,2026-09-13T09:22:24.226877+00:00,0.0,True,2,10,980,1024,36,1024,0.95703125,0.03515625
ibm_kingston,cirq,grover-hw-001,large,0.513671875,,,0.4521484375,7.379239370971449e-110,True,True,,daj6mk0mhr3c73e8jka0,2026-09-13T09:22:24.226877+00:00,1.2544706930651463e-108,True,2,11,944,1024,481,1024,0.921875,0.4697265625
ibm_kingston,cirq,grover-hw-002,small,0.10009765625,0.8393554687499999,False,0.015625,0.237611973698082,False,False,,daj6mk0mhr3c73e8jka0,2026-09-13T09:22:24.226877+00:00,0.3267382548075033,False,4,0111,591,1024,575,1024,0.5771484375,0.5615234375
ibm_kingston,cirq,grover-hw-002,medium,0.25,1.4421752929687497,False,0.1357421875,4.022228851976201e-10,True,True,,daj6mk0mhr3c73e8jka0,2026-09-13T09:22:24.226877+00:00,3.620005966778581e-09,True,4,0111,591,1024,452,1024,0.5771484375,0.44140625
ibm_kingston,cirq,grover-hw-002,large,0.5859375,,,0.330078125,2.6326636084530863e-52,True,True,,daj6mk0mhr3c73e8jka0,2026-09-13T09:22:24.226877+00:00,3.685729051834321e-51,True,4,0111,591,1024,253,1024,0.5771484375,0.2470703125
ibm_kingston,cirq,grover-hw-003,small,0.10009765625,0.8557403564453123,False,0.0732421875,0.000406542641493726,False,False,,daj6mk0mhr3c73e8jka0,2026-09-13T09:22:24.226877+00:00,0.002439255848962356,False,4,0110,622,1024,547,1024,0.607421875,0.5341796875
ibm_kingston,cirq,grover-hw-003,medium,0.25,1.43785400390625,False,0.1611328125,1.4115092088898002e-13,True,True,,daj6mk0mhr3c73e8jka0,2026-09-13T09:22:24.226877+00:00,1.6938110506677604e-12,True,4,0110,622,1024,457,1024,0.607421875,0.4462890625
ibm_kingston,cirq,grover-hw-003,large,0.5810546875,,,0.3544921875,2.4710753498943736e-59,True,True,,daj6mk0mhr3c73e8jka0,2026-09-13T09:22:24.226877+00:00,3.706613024841561e-58,True,4,0110,622,1024,259,1024,0.607421875,0.2529296875
ibm_kingston,pennylane,grover-hw-000,large,1.0,,,0.9228515625,0.0,True,True,,daj6mk0mhr3c73e8jka0,2026-09-13T09:22:24.226877+00:00,0.0,True,2,10,972,1024,27,1024,0.94921875,0.0263671875
ibm_kingston,pennylane,grover-hw-001,large,1.0,,,0.908203125,0.0,True,True,,daj6mk0mhr3c73e8jka0,2026-09-13T09:22:24.226877+00:00,0.0,True,2,11,938,1024,8,1024,0.916015625,0.0078125
ibm_kingston,pennylane,grover-hw-002,small,0.10009765625,0.6783424377441405,False,0.03515625,0.054881446900427205,False,False,,daj6mk0mhr3c73e8jka0,2026-09-13T09:22:24.226877+00:00,0.16464434070128162,False,4,0111,582,1024,546,1024,0.568359375,0.533203125
ibm_kingston,pennylane,grover-hw-002,medium,0.25,1.1305023193359376,False,0.1123046875,1.8493459405824113e-07,True,True,,daj6mk0mhr3c73e8jka0,2026-09-13T09:22:24.226877+00:00,1.479476752465929e-06,True,4,0111,582,1024,467,1024,0.568359375,0.4560546875
ibm_kingston,pennylane,grover-hw-002,large,0.9111328125,,,0.5361328125,1.2166547334657052e-154,True,True,,daj6mk0mhr3c73e8jka0,2026-09-13T09:22:24.226877+00:00,2.1899785202382694e-153,True,4,0111,582,1024,33,1024,0.568359375,0.0322265625
ibm_kingston,pennylane,grover-hw-003,small,0.10009765625,0.6929718017578124,False,0.06640625,0.0011943604108258742,False,False,,daj6mk0mhr3c73e8jka0,2026-09-13T09:22:24.226877+00:00,0.005971802054129371,False,4,0110,620,1024,552,1024,0.60546875,0.5390625
ibm_kingston,pennylane,grover-hw-003,medium,0.25,1.141845703125,False,0.142578125,4.9825906279778804e-11,True,True,,daj6mk0mhr3c73e8jka0,2026-09-13T09:22:24.226877+00:00,4.98259062797788e-10,True,4,0110,620,1024,474,1024,0.60546875,0.462890625
ibm_kingston,pennylane,grover-hw-003,large,0.91796875,,,0.5703125,1.1470640742669335e-168,True,True,,daj6mk0mhr3c73e8jka0,2026-09-13T09:22:24.226877+00:00,2.1794217411071736e-167,True,4,0110,620,1024,36,1024,0.60546875,0.03515625
ibm_kingston,qiskit,grover-hw-000,large,1.0,,,0.9169921875,0.0,True,True,,daj6mk0mhr3c73e8jka0,2026-09-13T09:22:24.226877+00:00,0.0,True,2,10,975,1024,36,1024,0.9521484375,0.03515625
ibm_kingston,qiskit,grover-hw-001,large,1.0,,,0.875,0.0,True,True,,daj6mk0mhr3c73e8jka0,2026-09-13T09:22:24.226877+00:00,0.0,True,2,11,917,1024,21,1024,0.8955078125,0.0205078125
ibm_kingston,qiskit,grover-hw-002,small,0.10009765625,0.8595214843749999,False,0.021484375,0.16336912740375165,False,False,,daj6mk0mhr3c73e8jka0,2026-09-13T09:22:24.226877+00:00,0.3267382548075033,False,4,0111,590,1024,568,1024,0.576171875,0.5546875
ibm_kingston,qiskit,grover-hw-002,medium,0.25,1.4184082031249998,False,0.08984375,2.3123273871534353e-05,False,False,,daj6mk0mhr3c73e8jka0,2026-09-13T09:22:24.226877+00:00,0.00016186291710074049,False,4,0111,590,1024,498,1024,0.576171875,0.486328125
ibm_kingston,qiskit,grover-hw-002,large,0.568359375,,,0.322265625,7.401235311059445e-50,True,True,,daj6mk0mhr3c73e8jka0,2026-09-13T09:22:24.226877+00:00,9.621605904377278e-49,True,4,0111,590,1024,260,1024,0.576171875,0.25390625
ibm_kingston,qiskit,grover-hw-003,small,0.10009765625,0.8479980468749999,False,0.056640625,0.004438446768174165,False,False,,daj6mk0mhr3c73e8jka0,2026-09-13T09:22:24.226877+00:00,0.01775378707269666,False,4,0110,644,1024,586,1024,0.62890625,0.572265625
ibm_kingston,qiskit,grover-hw-003,medium,0.25,1.4529785156249997,False,0.146484375,1.273864043357307e-11,True,True,,daj6mk0mhr3c73e8jka0,2026-09-13T09:22:24.226877+00:00,1.4012504476930376e-10,True,4,0110,644,1024,494,1024,0.62890625,0.482421875
ibm_kingston,qiskit,grover-hw-003,large,0.5927734375,,,0.3701171875,4.721358150420954e-64,True,True,,daj6mk0mhr3c73e8jka0,2026-09-13T09:22:24.226877+00:00,7.554173040673527e-63,True,4,0110,644,1024,265,1024,0.62890625,0.2587890625
ibm_kingston,cirq,grover-hw-000,large,1.0,,,0.91015625,0.0,True,True,,daj7a31hvn6c73cu32c0,2026-09-13T10:03:56.399007+00:00,0.0,True,2,10,963,1024,31,1024,0.9404296875,0.0302734375
ibm_kingston,cirq,grover-hw-001,large,0.513671875,,,0.40625,7.878832487190717e-88,True,True,,daj7a31hvn6c73cu32c0,2026-09-13T10:03:56.399007+00:00,1.3394015228224219e-86,True,2,11,912,1024,496,1024,0.890625,0.484375
ibm_kingston,cirq,grover-hw-002,small,0.10009765625,0.8393554687499999,False,0.0439453125,0.021914390340802885,False,False,,daj7a31hvn6c73cu32c0,2026-09-13T10:03:56.399007+00:00,0.08765756136321154,False,4,0111,618,1024,573,1024,0.603515625,0.5595703125
ibm_kingston,cirq,grover-hw-002,medium,0.25,1.4421752929687497,False,0.1259765625,5.33031818042462e-09,True,True,,daj7a31hvn6c73cu32c0,2026-09-13T10:03:56.399007+00:00,4.797286362382158e-08,True,4,0111,618,1024,489,1024,0.603515625,0.4775390625
ibm_kingston,cirq,grover-hw-002,large,0.5859375,,,0.3603515625,1.752209681243312e-61,True,True,,daj7a31hvn6c73cu32c0,2026-09-13T10:03:56.399007+00:00,2.628314521864968e-60,True,4,0111,618,1024,249,1024,0.603515625,0.2431640625
ibm_kingston,cirq,grover-hw-003,small,0.10009765625,0.8557403564453123,False,0.03515625,0.05372291273939487,False,False,,daj7a31hvn6c73cu32c0,2026-09-13T10:03:56.399007+00:00,0.1236973721081656,False,4,0110,608,1024,572,1024,0.59375,0.55859375
ibm_kingston,cirq,grover-hw-003,medium,0.25,1.43785400390625,False,0.123046875,1.2021205207870028e-08,True,True,,daj7a31hvn6c73cu32c0,2026-09-13T10:03:56.399007+00:00,9.616964166296022e-08,True,4,0110,608,1024,482,1024,0.59375,0.470703125
ibm_kingston,cirq,grover-hw-003,large,0.5810546875,,,0.3173828125,7.447738260873046e-48,True,True,,daj7a31hvn6c73cu32c0,2026-09-13T10:03:56.399007+00:00,9.682059739134959e-47,True,4,0110,608,1024,283,1024,0.59375,0.2763671875
ibm_kingston,pennylane,grover-hw-000,large,1.0,,,0.9365234375,0.0,True,True,,daj7a31hvn6c73cu32c0,2026-09-13T10:03:56.399007+00:00,0.0,True,2,10,973,1024,14,1024,0.9501953125,0.013671875
ibm_kingston,pennylane,grover-hw-001,large,1.0,,,0.892578125,0.0,True,True,,daj7a31hvn6c73cu32c0,2026-09-13T10:03:56.399007+00:00,0.0,True,2,11,931,1024,17,1024,0.9091796875,0.0166015625
ibm_kingston,pennylane,grover-hw-002,small,0.10009765625,0.6783424377441405,False,0.0751953125,0.0003157737604522586,False,False,,daj7a31hvn6c73cu32c0,2026-09-13T10:03:56.399007+00:00,0.0018946425627135517,False,4,0111,598,1024,521,1024,0.583984375,0.5087890625
ibm_kingston,pennylane,grover-hw-002,medium,0.25,1.1305023193359376,False,0.1435546875,4.0567644117716434e-11,True,True,,daj7a31hvn6c73cu32c0,2026-09-13T10:03:56.399007+00:00,4.462440852948808e-10,True,4,0111,598,1024,451,1024,0.583984375,0.4404296875
ibm_kingston,pennylane,grover-hw-002,large,0.9111328125,,,0.5595703125,4.888664750456332e-167,True,True,,daj7a31hvn6c73cu32c0,2026-09-13T10:03:56.399007+00:00,8.799596550821396e-166,True,4,0111,598,1024,25,1024,0.583984375,0.0244140625
ibm_kingston,pennylane,grover-hw-003,small,0.10009765625,0.6929718017578124,False,0.052734375,0.007741483470956158,False,False,,daj7a31hvn6c73cu32c0,2026-09-13T10:03:56.399007+00:00,0.03870741735478079,False,4,0110,625,1024,571,1024,0.6103515625,0.5576171875
ibm_kingston,pennylane,grover-hw-003,medium,0.25,1.141845703125,False,0.1533203125,1.7716971702719287e-12,True,True,,daj7a31hvn6c73cu32c0,2026-09-13T10:03:56.399007+00:00,2.1260366043263146e-11,True,4,0110,625,1024,468,1024,0.6103515625,0.45703125
ibm_kingston,pennylane,grover-hw-003,large,0.91796875,,,0.576171875,1.4695469050602196e-171,True,True,,daj7a31hvn6c73cu32c0,2026-09-13T10:03:56.399007+00:00,2.7921391196144172e-170,True,4,0110,625,1024,35,1024,0.6103515625,0.0341796875
ibm_kingston,qiskit,grover-hw-000,large,1.0,,,0.9140625,0.0,True,True,,daj7a31hvn6c73cu32c0,2026-09-13T10:03:56.399007+00:00,0.0,True,2,10,976,1024,40,1024,0.953125,0.0390625
ibm_kingston,qiskit,grover-hw-001,large,1.0,,,0.890625,0.0,True,True,,daj7a31hvn6c73cu32c0,2026-09-13T10:03:56.399007+00:00,0.0,True,2,11,932,1024,20,1024,0.91015625,0.01953125
ibm_kingston,qiskit,grover-hw-002,small,0.10009765625,0.8595214843749999,False,0.0380859375,0.041232457369388534,False,False,,daj7a31hvn6c73cu32c0,2026-09-13T10:03:56.399007+00:00,0.1236973721081656,False,4,0111,594,1024,555,1024,0.580078125,0.5419921875
ibm_kingston,qiskit,grover-hw-002,medium,0.25,1.4184082031249998,False,0.111328125,2.2776794061566524e-07,True,True,,daj7a31hvn6c73cu32c0,2026-09-13T10:03:56.399007+00:00,1.5943755843096567e-06,True,4,0111,594,1024,480,1024,0.580078125,0.46875
ibm_kingston,qiskit,grover-hw-002,large,0.568359375,,,0.337890625,9.507256998685358e-55,True,True,,daj7a31hvn6c73cu32c0,2026-09-13T10:03:56.399007+00:00,1.3310159798159502e-53,True,4,0111,594,1024,248,1024,0.580078125,0.2421875
ibm_kingston,qiskit,grover-hw-003,small,0.10009765625,0.8479980468749999,False,0.0078125,0.35843050000874477,False,False,,daj7a31hvn6c73cu32c0,2026-09-13T10:03:56.399007+00:00,0.35843050000874477,False,4,0110,630,1024,622,1024,0.615234375,0.607421875
ibm_kingston,qiskit,grover-hw-003,medium,0.25,1.4529785156249997,False,0.140625,8.30502331522439e-11,True,True,,daj7a31hvn6c73cu32c0,2026-09-13T10:03:56.399007+00:00,8.30502331522439e-10,True,4,0110,630,1024,486,1024,0.615234375,0.474609375
ibm_kingston,qiskit,grover-hw-003,large,0.5927734375,,,0.365234375,9.040370424310409e-63,True,True,,daj7a31hvn6c73cu32c0,2026-09-13T10:03:56.399007+00:00,1.4464592678896655e-61,True,4,0110,630,1024,256,1024,0.615234375,0.25
garnet,cirq,grover-hw-000,large,1.0,,,0.9072265625,0.0,True,True,,01a096a0-7e89-7f32-ac36-6dae3a09a75a,2026-09-12T17:18:15.916214+00:00,0.0,True,2,10,948,1024,19,1024,0.92578125,0.0185546875
garnet,cirq,grover-hw-001,large,0.513671875,,,0.44140625,2.0884032315136117e-109,True,True,,01a096a0-7e89-7f32-ac36-6dae3a09a75a,2026-09-12T17:18:15.916214+00:00,3.967966139875862e-108,True,2,11,961,1024,509,1024,0.9384765625,0.4970703125
garnet,cirq,grover-hw-002,small,0.10009765625,0.8393554687499999,False,0.0341796875,0.002356269242318025,False,False,,01a096a0-7e89-7f32-ac36-6dae3a09a75a,2026-09-12T17:18:15.916214+00:00,0.0377003078770884,False,4,0111,101,1024,66,1024,0.0986328125,0.064453125
garnet,cirq,grover-hw-002,medium,0.25,1.4421752929687497,False,0.0166015625,0.09502123722268023,False,False,,01a096a0-7e89-7f32-ac36-6dae3a09a75a,2026-09-12T17:18:15.916214+00:00,0.9502123722268023,False,4,0111,101,1024,84,1024,0.0986328125,0.08203125
garnet,cirq,grover-hw-002,large,0.5859375,,,0.0380859375,0.0007261454878813166,False,False,,01a096a0-7e89-7f32-ac36-6dae3a09a75a,2026-09-12T17:18:15.916214+00:00,0.013070618781863698,False,4,0111,101,1024,62,1024,0.0986328125,0.060546875
garnet,cirq,grover-hw-003,small,0.10009765625,0.8557403564453123,False,0.0068359375,0.29473697959701345,False,False,,01a096a0-7e89-7f32-ac36-6dae3a09a75a,2026-09-12T17:18:15.916214+00:00,1.0,False,4,0110,96,1024,89,1024,0.09375,0.0869140625
garnet,cirq,grover-hw-003,medium,0.25,1.43785400390625,False,0.021484375,0.039031393372480676,False,False,,01a096a0-7e89-7f32-ac36-6dae3a09a75a,2026-09-12T17:18:15.916214+00:00,0.4683767204697681,False,4,0110,96,1024,74,1024,0.09375,0.072265625
garnet,cirq,grover-hw-003,large,0.5810546875,,,0.0302734375,0.00546022047775726,False,False,,01a096a0-7e89-7f32-ac36-6dae3a09a75a,2026-09-12T17:18:15.916214+00:00,0.0819033071663589,False,4,0110,96,1024,65,1024,0.09375,0.0634765625
garnet,pennylane,grover-hw-000,large,1.0,,,0.92578125,0.0,True,True,,01a096a0-7e89-7f32-ac36-6dae3a09a75a,2026-09-12T17:18:15.916214+00:00,0.0,True,2,10,965,1024,17,1024,0.9423828125,0.0166015625
garnet,pennylane,grover-hw-001,large,1.0,,,0.908203125,0.0,True,True,,01a096a0-7e89-7f32-ac36-6dae3a09a75a,2026-09-12T17:18:15.916214+00:00,0.0,True,2,11,952,1024,22,1024,0.9296875,0.021484375
garnet,pennylane,grover-hw-002,small,0.10009765625,0.6783424377441405,False,-0.0009765625,0.5338996936922127,False,False,,01a096a0-7e89-7f32-ac36-6dae3a09a75a,2026-09-12T17:18:15.916214+00:00,1.0,False,4,0111,74,1024,75,1024,0.072265625,0.0732421875
garnet,pennylane,grover-hw-002,medium,0.25,1.1305023193359376,False,-0.0078125,0.7474208516647907,False,False,,01a096a0-7e89-7f32-ac36-6dae3a09a75a,2026-09-12T17:18:15.916214+00:00,1.0,False,4,0111,74,1024,82,1024,0.072265625,0.080078125
garnet,pennylane,grover-hw-002,large,0.9111328125,,,0.01953125,0.03394457743091451,False,False,,01a096a0-7e89-7f32-ac36-6dae3a09a75a,2026-09-12T17:18:15.916214+00:00,0.44127950660188864,False,4,0111,74,1024,54,1024,0.072265625,0.052734375
garnet,pennylane,grover-hw-003,small,0.10009765625,0.6929718017578124,False,-0.001953125,0.5669438163054553,False,False,,01a096a0-7e89-7f32-ac36-6dae3a09a75a,2026-09-12T17:18:15.916214+00:00,1.0,False,4,0110,75,1024,77,1024,0.0732421875,0.0751953125
garnet,pennylane,grover-hw-003,medium,0.25,1.141845703125,False,0.0087890625,0.21609274695024783,False,False,,01a096a0-7e89-7f32-ac36-6dae3a09a75a,2026-09-12T17:18:15.916214+00:00,1.0,False,4,0110,75,1024,66,1024,0.0732421875,0.064453125
garnet,pennylane,grover-hw-003,large,0.91796875,,,0.017578125,0.05264108200414455,False,False,,01a096a0-7e89-7f32-ac36-6dae3a09a75a,2026-09-12T17:18:15.916214+00:00,0.5790519020455901,False,4,0110,75,1024,57,1024,0.0732421875,0.0556640625
garnet,qiskit,grover-hw-000,large,1.0,,,0.9130859375,0.0,True,True,,01a096a0-7e89-7f32-ac36-6dae3a09a75a,2026-09-12T17:18:15.916214+00:00,0.0,True,2,10,951,1024,16,1024,0.9287109375,0.015625
garnet,qiskit,grover-hw-001,large,1.0,,,0.8935546875,0.0,True,True,,01a096a0-7e89-7f32-ac36-6dae3a09a75a,2026-09-12T17:18:15.916214+00:00,0.0,True,2,11,942,1024,27,1024,0.919921875,0.0263671875
garnet,qiskit,grover-hw-002,small,0.10009765625,0.8595214843749999,False,0.0009765625,0.47013019799890154,False,False,,01a096a0-7e89-7f32-ac36-6dae3a09a75a,2026-09-12T17:18:15.916214+00:00,1.0,False,4,0111,99,1024,98,1024,0.0966796875,0.095703125
garnet,qiskit,grover-hw-002,medium,0.25,1.4184082031249998,False,0.009765625,0.22204758134745545,False,False,,01a096a0-7e89-7f32-ac36-6dae3a09a75a,2026-09-12T17:18:15.916214+00:00,1.0,False,4,0111,99,1024,89,1024,0.0966796875,0.0869140625
garnet,qiskit,grover-hw-002,large,0.568359375,,,0.0234375,0.028583777279077117,False,False,,01a096a0-7e89-7f32-ac36-6dae3a09a75a,2026-09-12T17:18:15.916214+00:00,0.4001728819070796,False,4,0111,99,1024,75,1024,0.0966796875,0.0732421875
garnet,qiskit,grover-hw-003,small,0.10009765625,0.8479980468749999,False,0.0087890625,0.26631848091293187,False,False,,01a096a0-7e89-7f32-ac36-6dae3a09a75a,2026-09-12T17:18:15.916214+00:00,1.0,False,4,0110,122,1024,113,1024,0.119140625,0.1103515625
garnet,qiskit,grover-hw-003,medium,0.25,1.4529785156249997,False,0.0,0.5,False,False,,01a096a0-7e89-7f32-ac36-6dae3a09a75a,2026-09-12T17:18:15.916214+00:00,1.0,False,4,0110,122,1024,122,1024,0.119140625,0.119140625
garnet,qiskit,grover-hw-003,large,0.5927734375,,,0.0390625,0.0015816377279839588,False,False,,01a096a0-7e89-7f32-ac36-6dae3a09a75a,2026-09-12T17:18:15.916214+00:00,0.0268878413757273,False,4,0110,122,1024,82,1024,0.119140625,0.080078125
garnet,cirq,grover-hw-000,large,1.0,,,0.9267578125,0.0,True,True,,01a098c3-c79d-70a2-8c20-82075974d8cd,2026-09-13T03:16:02.824627+00:00,0.0,True,2,10,966,1024,17,1024,0.943359375,0.0166015625
garnet,cirq,grover-hw-001,large,0.513671875,,,0.474609375,7.384568822420081e-125,True,True,,01a098c3-c79d-70a2-8c20-82075974d8cd,2026-09-13T03:16:02.824627+00:00,1.4030680762598155e-123,True,2,11,973,1024,487,1024,0.9501953125,0.4755859375
garnet,cirq,grover-hw-002,small,0.10009765625,0.8393554687499999,False,0.03125,0.01567541867862017,False,False,,01a098c3-c79d-70a2-8c20-82075974d8cd,2026-09-13T03:16:02.824627+00:00,0.14107876810758152,False,4,0111,142,1024,110,1024,0.138671875,0.107421875
garnet,cirq,grover-hw-002,medium,0.25,1.4421752929687497,False,0.04296875,0.001252140454841389,False,False,,01a098c3-c79d-70a2-8c20-82075974d8cd,2026-09-13T03:16:02.824627+00:00,0.016277825912938058,False,4,0111,142,1024,98,1024,0.138671875,0.095703125
garnet,cirq,grover-hw-002,large,0.5859375,,,0.068359375,2.1342638372798155e-07,False,False,,01a098c3-c79d-70a2-8c20-82075974d8cd,2026-09-13T03:16:02.824627+00:00,3.6282485233756864e-06,False,4,0111,142,1024,72,1024,0.138671875,0.0703125
garnet,cirq,grover-hw-003,small,0.10009765625,0.8557403564453123,False,0.029296875,0.018235931053986777,False,False,,01a098c3-c79d-70a2-8c20-82075974d8cd,2026-09-13T03:16:02.824627+00:00,0.14588744843189422,False,4,0110,131,1024,101,1024,0.1279296875,0.0986328125
garnet,cirq,grover-hw-003,medium,0.25,1.43785400390625,False,0.041015625,0.0013623870140510995,False,False,,01a098c3-c79d-70a2-8c20-82075974d8cd,2026-09-13T03:16:02.824627+00:00,0.016348644168613195,False,4,0110,131,1024,89,1024,0.1279296875,0.0869140625
garnet,cirq,grover-hw-003,large,0.5810546875,,,0.0732421875,4.370677102737349e-09,False,False,,01a098c3-c79d-70a2-8c20-82075974d8cd,2026-09-13T03:16:02.824627+00:00,7.867218784927227e-08,False,4,0110,131,1024,56,1024,0.1279296875,0.0546875
garnet,pennylane,grover-hw-000,large,1.0,,,0.9326171875,0.0,True,True,,01a098c3-c79d-70a2-8c20-82075974d8cd,2026-09-13T03:16:02.824627+00:00,0.0,True,2,10,983,1024,28,1024,0.9599609375,0.02734375
garnet,pennylane,grover-hw-001,large,1.0,,,0.9345703125,0.0,True,True,,01a098c3-c79d-70a2-8c20-82075974d8cd,2026-09-13T03:16:02.824627+00:00,0.0,True,2,11,972,1024,15,1024,0.94921875,0.0146484375
garnet,pennylane,grover-hw-002,small,0.10009765625,0.6783424377441405,False,-0.01953125,0.9416512888510249,False,False,,01a098c3-c79d-70a2-8c20-82075974d8cd,2026-09-13T03:16:02.824627+00:00,1.0,False,4,0111,79,1024,99,1024,0.0771484375,0.0966796875
garnet,pennylane,grover-hw-002,medium,0.25,1.1305023193359376,False,-0.0009765625,0.5329053998129409,False,False,,01a098c3-c79d-70a2-8c20-82075974d8cd,2026-09-13T03:16:02.824627+00:00,1.0,False,4,0111,79,1024,80,1024,0.0771484375,0.078125
garnet,pennylane,grover-hw-002,large,0.9111328125,,,0.013671875,0.11314322921080802,False,False,,01a098c3-c79d-70a2-8c20-82075974d8cd,2026-09-13T03:16:02.824627+00:00,0.4525729168432321,False,4,0111,79,1024,65,1024,0.0771484375,0.0634765625
garnet,pennylane,grover-hw-003,small,0.10009765625,0.6929718017578124,False,0.0205078125,0.04145173214537949,False,False,,01a098c3-c79d-70a2-8c20-82075974d8cd,2026-09-13T03:16:02.824627+00:00,0.20725866072689747,False,4,0110,90,1024,69,1024,0.087890625,0.0673828125
garnet,pennylane,grover-hw-003,medium,0.25,1.141845703125,False,0.0361328125,0.0006680186277000919,False,False,,01a098c3-c79d-70a2-8c20-82075974d8cd,2026-09-13T03:16:02.824627+00:00,0.009352260787801287,False,4,0110,90,1024,53,1024,0.087890625,0.0517578125
garnet,pennylane,grover-hw-003,large,0.91796875,,,0.0400390625,0.00015791558631142889,False,False,,01a098c3-c79d-70a2-8c20-82075974d8cd,2026-09-13T03:16:02.824627+00:00,0.0023687337946714333,False,4,0110,90,1024,49,1024,0.087890625,0.0478515625
garnet,qiskit,grover-hw-000,large,1.0,,,0.9296875,0.0,True,True,,01a098c3-c79d-70a2-8c20-82075974d8cd,2026-09-13T03:16:02.824627+00:00,0.0,True,2,10,962,1024,10,1024,0.939453125,0.009765625
garnet,qiskit,grover-hw-001,large,1.0,,,0.9228515625,0.0,True,True,,01a098c3-c79d-70a2-8c20-82075974d8cd,2026-09-13T03:16:02.824627+00:00,0.0,True,2,11,973,1024,28,1024,0.9501953125,0.02734375
garnet,qiskit,grover-hw-002,small,0.10009765625,0.8595214843749999,False,-0.0029296875,0.5826864539479357,False,False,,01a098c3-c79d-70a2-8c20-82075974d8cd,2026-09-13T03:16:02.824627+00:00,1.0,False,4,0111,115,1024,118,1024,0.1123046875,0.115234375
garnet,qiskit,grover-hw-002,medium,0.25,1.4184082031249998,False,0.0302734375,0.010367756663498357,False,False,,01a098c3-c79d-70a2-8c20-82075974d8cd,2026-09-13T03:16:02.824627+00:00,0.10367756663498358,False,4,0111,115,1024,84,1024,0.1123046875,0.08203125
garnet,qiskit,grover-hw-002,large,0.568359375,,,0.046875,9.670399949135101e-05,False,False,,01a098c3-c79d-70a2-8c20-82075974d8cd,2026-09-13T03:16:02.824627+00:00,0.0015472639918616162,False,4,0111,115,1024,67,1024,0.1123046875,0.0654296875
garnet,qiskit,grover-hw-003,small,0.10009765625,0.8479980468749999,False,0.0283203125,0.02376067443830724,False,False,,01a098c3-c79d-70a2-8c20-82075974d8cd,2026-09-13T03:16:02.824627+00:00,0.14588744843189422,False,4,0110,136,1024,107,1024,0.1328125,0.1044921875
garnet,qiskit,grover-hw-003,medium,0.25,1.4529785156249997,False,0.029296875,0.020006336412275588,False,False,,01a098c3-c79d-70a2-8c20-82075974d8cd,2026-09-13T03:16:02.824627+00:00,0.14588744843189422,False,4,0110,136,1024,106,1024,0.1328125,0.103515625
garnet,qiskit,grover-hw-003,large,0.5927734375,,,0.0361328125,0.005154708436228601,False,False,,01a098c3-c79d-70a2-8c20-82075974d8cd,2026-09-13T03:16:02.824627+00:00,0.05670179279851461,False,4,0110,136,1024,99,1024,0.1328125,0.0966796875
garnet,cirq,grover-hw-000,large,1.0,,,0.9287109375,0.0,True,True,,01a098c3-c7af-7b41-a24b-dffb10593e37,2026-09-13T03:16:02.732515+00:00,0.0,True,2,10,971,1024,20,1024,0.9482421875,0.01953125
garnet,cirq,grover-hw-001,large,0.513671875,,,0.4921875,1.791060983972143e-135,True,True,,01a098c3-c7af-7b41-a24b-dffb10593e37,2026-09-13T03:16:02.732515+00:00,3.403015869547072e-134,True,2,11,987,1024,483,1024,0.9638671875,0.4716796875
garnet,cirq,grover-hw-002,small,0.10009765625,0.8393554687499999,False,0.0390625,0.00406928239401339,False,False,,01a098c3-c7af-7b41-a24b-dffb10593e37,2026-09-13T03:16:02.732515+00:00,0.04883138872816068,False,4,0111,151,1024,111,1024,0.1474609375,0.1083984375
garnet,cirq,grover-hw-002,medium,0.25,1.4421752929687497,False,0.048828125,0.00038491095528132396,False,False,,01a098c3-c7af-7b41-a24b-dffb10593e37,2026-09-13T03:16:02.732515+00:00,0.005773664329219859,False,4,0111,151,1024,101,1024,0.1474609375,0.0986328125
garnet,cirq,grover-hw-002,large,0.5859375,,,0.083984375,3.0677433256865225e-10,False,False,,01a098c3-c7af-7b41-a24b-dffb10593e37,2026-09-13T03:16:02.732515+00:00,5.521937986235741e-09,False,4,0111,151,1024,65,1024,0.1474609375,0.0634765625
garnet,cirq,grover-hw-003,small,0.10009765625,0.8557403564453123,False,0.0068359375,0.3083493489219943,False,False,,01a098c3-c7af-7b41-a24b-dffb10593e37,2026-09-13T03:16:02.732515+00:00,0.94377892818352,False,4,0110,113,1024,106,1024,0.1103515625,0.103515625
garnet,cirq,grover-hw-003,medium,0.25,1.43785400390625,False,0.009765625,0.23594473204588,False,False,,01a098c3-c7af-7b41-a24b-dffb10593e37,2026-09-13T03:16:02.732515+00:00,0.94377892818352,False,4,0110,113,1024,103,1024,0.1103515625,0.1005859375
garnet,cirq,grover-hw-003,large,0.5810546875,,,0.0322265625,0.006281786388559901,False,False,,01a098c3-c7af-7b41-a24b-dffb10593e37,2026-09-13T03:16:02.732515+00:00,0.06281786388559901,False,4,0110,113,1024,80,1024,0.1103515625,0.078125
garnet,pennylane,grover-hw-000,large,1.0,,,0.939453125,0.0,True,True,,01a098c3-c7af-7b41-a24b-dffb10593e37,2026-09-13T03:16:02.732515+00:00,0.0,True,2,10,981,1024,19,1024,0.9580078125,0.0185546875
garnet,pennylane,grover-hw-001,large,1.0,,,0.9228515625,0.0,True,True,,01a098c3-c7af-7b41-a24b-dffb10593e37,2026-09-13T03:16:02.732515+00:00,0.0,True,2,11,967,1024,22,1024,0.9443359375,0.021484375
garnet,pennylane,grover-hw-002,small,0.10009765625,0.6783424377441405,False,-0.001953125,0.5646735872710565,False,False,,01a098c3-c7af-7b41-a24b-dffb10593e37,2026-09-13T03:16:02.732515+00:00,1.0,False,4,0111,81,1024,83,1024,0.0791015625,0.0810546875
garnet,pennylane,grover-hw-002,medium,0.25,1.1305023193359376,False,-0.005859375,0.6855056502918956,False,False,,01a098c3-c7af-7b41-a24b-dffb10593e37,2026-09-13T03:16:02.732515+00:00,1.0,False,4,0111,81,1024,87,1024,0.0791015625,0.0849609375
garnet,pennylane,grover-hw-002,large,0.9111328125,,,0.013671875,0.11608789076371298,False,False,,01a098c3-c7af-7b41-a24b-dffb10593e37,2026-09-13T03:16:02.732515+00:00,0.6965273445822779,False,4,0111,81,1024,67,1024,0.0791015625,0.0654296875
garnet,pennylane,grover-hw-003,small,0.10009765625,0.6929718017578124,False,0.0205078125,0.05104225584046502,False,False,,01a098c3-c7af-7b41-a24b-dffb10593e37,2026-09-13T03:16:02.732515+00:00,0.35729579088325514,False,4,0110,101,1024,80,1024,0.0986328125,0.078125
garnet,pennylane,grover-hw-003,medium,0.25,1.141845703125,False,0.033203125,0.003092073646925141,False,False,,01a098c3-c7af-7b41-a24b-dffb10593e37,2026-09-13T03:16:02.732515+00:00,0.04019695741002683,False,4,0110,101,1024,67,1024,0.0986328125,0.0654296875
garnet,pennylane,grover-hw-003,large,0.91796875,,,0.0146484375,0.12492776614783192,False,False,,01a098c3-c7af-7b41-a24b-dffb10593e37,2026-09-13T03:16:02.732515+00:00,0.6965273445822779,False,4,0110,101,1024,86,1024,0.0986328125,0.083984375
garnet,qiskit,grover-hw-000,large,1.0,,,0.931640625,0.0,True,True,,01a098c3-c7af-7b41-a24b-dffb10593e37,2026-09-13T03:16:02.732515+00:00,0.0,True,2,10,968,1024,14,1024,0.9453125,0.013671875
garnet,qiskit,grover-hw-001,large,1.0,,,0.9111328125,0.0,True,True,,01a098c3-c7af-7b41-a24b-dffb10593e37,2026-09-13T03:16:02.732515+00:00,0.0,True,2,11,963,1024,30,1024,0.9404296875,0.029296875
garnet,qiskit,grover-hw-002,small,0.10009765625,0.8595214843749999,False,0.037109375,0.004394970725908122,False,False,,01a098c3-c7af-7b41-a24b-dffb10593e37,2026-09-13T03:16:02.732515+00:00,0.04883138872816068,False,4,0111,138,1024,100,1024,0.134765625,0.09765625
garnet,qiskit,grover-hw-002,medium,0.25,1.4184082031249998,False,0.0302734375,0.017395029130103323,False,False,,01a098c3-c7af-7b41-a24b-dffb10593e37,2026-09-13T03:16:02.732515+00:00,0.1565552621709299,False,4,0111,138,1024,107,1024,0.134765625,0.1044921875
garnet,qiskit,grover-hw-002,large,0.568359375,,,0.05078125,0.00011590556797603363,False,False,,01a098c3-c7af-7b41-a24b-dffb10593e37,2026-09-13T03:16:02.732515+00:00,0.0018544890876165381,False,4,0111,138,1024,86,1024,0.134765625,0.083984375
garnet,qiskit,grover-hw-003,small,0.10009765625,0.8479980468749999,False,0.03125,0.01978382441121136,False,False,,01a098c3-c7af-7b41-a24b-dffb10593e37,2026-09-13T03:16:02.732515+00:00,0.15827059528969087,False,4,0110,156,1024,124,1024,0.15234375,0.12109375
garnet,qiskit,grover-hw-003,medium,0.25,1.4529785156249997,False,0.046875,0.0007747719109559902,False,False,,01a098c3-c7af-7b41-a24b-dffb10593e37,2026-09-13T03:16:02.732515+00:00,0.010846806753383863,False,4,0110,156,1024,108,1024,0.15234375,0.10546875
garnet,qiskit,grover-hw-003,large,0.5927734375,,,0.0732421875,1.1049630537582556e-07,False,False,,01a098c3-c7af-7b41-a24b-dffb10593e37,2026-09-13T03:16:02.732515+00:00,1.8784371913890346e-06,False,4,0110,156,1024,81,1024,0.15234375,0.0791015625
garnet,cirq,grover-hw-000,large,1.0,,,0.921875,0.0,True,True,,01a098c3-c7b8-7893-ae84-cd546275b3dc,2026-09-13T03:16:03.113018+00:00,0.0,True,2,10,956,1024,12,1024,0.93359375,0.01171875
garnet,cirq,grover-hw-001,large,0.513671875,,,0.4658203125,1.1366059036674037e-116,True,True,,01a098c3-c7b8-7893-ae84-cd546275b3dc,2026-09-13T03:16:03.113018+00:00,2.159551216968067e-115,True,2,11,952,1024,475,1024,0.9296875,0.4638671875
garnet,cirq,grover-hw-002,small,0.10009765625,0.8393554687499999,False,0.0078125,0.2906099388909067,False,False,,01a098c3-c7b8-7893-ae84-cd546275b3dc,2026-09-13T03:16:03.113018+00:00,1.0,False,4,0111,123,1024,115,1024,0.1201171875,0.1123046875
garnet,cirq,grover-hw-002,medium,0.25,1.4421752929687497,False,0.029296875,0.015455190272095432,False,False,,01a098c3-c7b8-7893-ae84-cd546275b3dc,2026-09-13T03:16:03.113018+00:00,0.20091747353724063,False,4,0111,123,1024,93,1024,0.1201171875,0.0908203125
garnet,cirq,grover-hw-002,large,0.5859375,,,0.0205078125,0.06891997309138226,False,False,,01a098c3-c7b8-7893-ae84-cd546275b3dc,2026-09-13T03:16:03.113018+00:00,0.6891997309138226,False,4,0111,123,1024,102,1024,0.1201171875,0.099609375
garnet,cirq,grover-hw-003,small,0.10009765625,0.8557403564453123,False,0.01953125,0.08316762380382035,False,False,,01a098c3-c7b8-7893-ae84-cd546275b3dc,2026-09-13T03:16:03.113018+00:00,0.6891997309138226,False,4,0110,128,1024,108,1024,0.125,0.10546875
garnet,cirq,grover-hw-003,medium,0.25,1.43785400390625,False,0.0439453125,0.0005358232835134159,False,False,,01a098c3-c7b8-7893-ae84-cd546275b3dc,2026-09-13T03:16:03.113018+00:00,0.00803734925270124,False,4,0110,128,1024,83,1024,0.125,0.0810546875
garnet,cirq,grover-hw-003,large,0.5810546875,,,0.068359375,3.664663675414862e-08,False,False,,01a098c3-c7b8-7893-ae84-cd546275b3dc,2026-09-13T03:16:03.113018+00:00,6.596394615746751e-07,False,4,0110,128,1024,58,1024,0.125,0.056640625
garnet,pennylane,grover-hw-000,large,1.0,,,0.9248046875,0.0,True,True,,01a098c3-c7b8-7893-ae84-cd546275b3dc,2026-09-13T03:16:03.113018+00:00,0.0,True,2,10,965,1024,18,1024,0.9423828125,0.017578125
garnet,pennylane,grover-hw-001,large,1.0,,,0.9248046875,0.0,True,True,,01a098c3-c7b8-7893-ae84-cd546275b3dc,2026-09-13T03:16:03.113018+00:00,0.0,True,2,11,966,1024,19,1024,0.943359375,0.0185546875
garnet,pennylane,grover-hw-002,small,0.10009765625,0.6783424377441405,False,0.0,0.5,False,False,,01a098c3-c7b8-7893-ae84-cd546275b3dc,2026-09-13T03:16:03.113018+00:00,1.0,False,4,0111,79,1024,79,1024,0.0771484375,0.0771484375
garnet,pennylane,grover-hw-002,medium,0.25,1.1305023193359376,False,0.0146484375,0.09669925384207093,False,False,,01a098c3-c7b8-7893-ae84-cd546275b3dc,2026-09-13T03:16:03.113018+00:00,0.6891997309138226,False,4,0111,79,1024,64,1024,0.0771484375,0.0625
garnet,pennylane,grover-hw-002,large,0.9111328125,,,0.0166015625,0.06895201684158238,False,False,,01a098c3-c7b8-7893-ae84-cd546275b3dc,2026-09-13T03:16:03.113018+00:00,0.6891997309138226,False,4,0111,79,1024,62,1024,0.0771484375,0.060546875
garnet,pennylane,grover-hw-003,small,0.10009765625,0.6929718017578124,False,0.0263671875,0.012043696492264548,False,False,,01a098c3-c7b8-7893-ae84-cd546275b3dc,2026-09-13T03:16:03.113018+00:00,0.16861175089170366,False,4,0110,91,1024,64,1024,0.0888671875,0.0625
garnet,pennylane,grover-hw-003,medium,0.25,1.141845703125,False,0.021484375,0.035035507992287246,False,False,,01a098c3-c7b8-7893-ae84-cd546275b3dc,2026-09-13T03:16:03.113018+00:00,0.3853905879151597,False,4,0110,91,1024,69,1024,0.0888671875,0.0673828125
garnet,pennylane,grover-hw-003,large,0.91796875,,,0.046875,8.96328132356133e-06,False,False,,01a098c3-c7b8-7893-ae84-cd546275b3dc,2026-09-13T03:16:03.113018+00:00,0.0001523757825005426,False,4,0110,91,1024,43,1024,0.0888671875,0.0419921875
garnet,qiskit,grover-hw-000,large,1.0,,,0.9384765625,0.0,True,True,,01a098c3-c7b8-7893-ae84-cd546275b3dc,2026-09-13T03:16:03.113018+00:00,0.0,True,2,10,970,1024,9,1024,0.947265625,0.0087890625
garnet,qiskit,grover-hw-001,large,1.0,,,0.9326171875,0.0,True,True,,01a098c3-c7b8-7893-ae84-cd546275b3dc,2026-09-13T03:16:03.113018+00:00,0.0,True,2,11,978,1024,23,1024,0.955078125,0.0224609375
garnet,qiskit,grover-hw-002,small,0.10009765625,0.8595214843749999,False,-0.017578125,0.9168476446383133,False,False,,01a098c3-c7b8-7893-ae84-cd546275b3dc,2026-09-13T03:16:03.113018+00:00,1.0,False,4,0111,84,1024,102,1024,0.08203125,0.099609375
garnet,qiskit,grover-hw-002,medium,0.25,1.4184082031249998,False,-0.0107421875,0.8052845379757778,False,False,,01a098c3-c7b8-7893-ae84-cd546275b3dc,2026-09-13T03:16:03.113018+00:00,1.0,False,4,0111,84,1024,95,1024,0.08203125,0.0927734375
garnet,qiskit,grover-hw-002,large,0.568359375,,,0.0107421875,0.18046022705551726,False,False,,01a098c3-c7b8-7893-ae84-cd546275b3dc,2026-09-13T03:16:03.113018+00:00,1.0,False,4,0111,84,1024,73,1024,0.08203125,0.0712890625
garnet,qiskit,grover-hw-003,small,0.10009765625,0.8479980468749999,False,-0.0009765625,0.5263306985268253,False,False,,01a098c3-c7b8-7893-ae84-cd546275b3dc,2026-09-13T03:16:03.113018+00:00,1.0,False,4,0110,131,1024,132,1024,0.1279296875,0.12890625
garnet,qiskit,grover-hw-003,medium,0.25,1.4529785156249997,False,0.0263671875,0.030606264840277182,False,False,,01a098c3-c7b8-7893-ae84-cd546275b3dc,2026-09-13T03:16:03.113018+00:00,0.3672751780833262,False,4,0110,131,1024,104,1024,0.1279296875,0.1015625
garnet,qiskit,grover-hw-003,large,0.5927734375,,,0.0458984375,0.0003518314313626939,False,False,,01a098c3-c7b8-7893-ae84-cd546275b3dc,2026-09-13T03:16:03.113018+00:00,0.005629302901803103,False,4,0110,131,1024,84,1024,0.1279296875,0.08203125
garnet,cirq,grover-hw-000,large,1.0,,,0.92578125,0.0,True,True,,01a09c0b-5de1-7dd2-94d9-5a2946237377,2026-09-13T18:33:05.871614+00:00,0.0,True,2,10,958,1024,10,1024,0.935546875,0.009765625
garnet,cirq,grover-hw-001,large,0.513671875,,,0.470703125,7.545881666549876e-123,True,True,,01a09c0b-5de1-7dd2-94d9-5a2946237377,2026-09-13T18:33:05.871614+00:00,1.4337175166444763e-121,True,2,11,971,1024,489,1024,0.9482421875,0.4775390625
garnet,cirq,grover-hw-002,small,0.10009765625,0.8393554687499999,False,0.0107421875,0.23929118135803498,False,False,,01a09c0b-5de1-7dd2-94d9-5a2946237377,2026-09-13T18:33:05.871614+00:00,1.0,False,4,0111,145,1024,134,1024,0.1416015625,0.130859375
garnet,cirq,grover-hw-002,medium,0.25,1.4421752929687497,False,0.0419921875,0.0017635933933443163,False,False,,01a09c0b-5de1-7dd2-94d9-5a2946237377,2026-09-13T18:33:05.871614+00:00,0.02292671411347611,False,4,0111,145,1024,102,1024,0.1416015625,0.099609375
garnet,cirq,grover-hw-002,large,0.5859375,,,0.0576171875,1.8837561818347486e-05,False,False,,01a09c0b-5de1-7dd2-94d9-5a2946237377,2026-09-13T18:33:05.871614+00:00,0.00032023855091190727,False,4,0111,145,1024,86,1024,0.1416015625,0.083984375
garnet,cirq,grover-hw-003,small,0.10009765625,0.8557403564453123,False,0.01171875,0.20735154994579258,False,False,,01a09c0b-5de1-7dd2-94d9-5a2946237377,2026-09-13T18:33:05.871614+00:00,1.0,False,4,0110,129,1024,117,1024,0.1259765625,0.1142578125
garnet,cirq,grover-hw-003,medium,0.25,1.43785400390625,False,0.025390625,0.0349356788566008,False,False,,01a09c0b-5de1-7dd2-94d9-5a2946237377,2026-09-13T18:33:05.871614+00:00,0.34935678856600805,False,4,0110,129,1024,103,1024,0.1259765625,0.1005859375
garnet,cirq,grover-hw-003,large,0.5810546875,,,0.0498046875,9.247933950043197e-05,False,False,,01a09c0b-5de1-7dd2-94d9-5a2946237377,2026-09-13T18:33:05.871614+00:00,0.0014796694320069114,False,4,0110,129,1024,78,1024,0.1259765625,0.076171875
garnet,pennylane,grover-hw-000,large,1.0,,,0.9462890625,0.0,True,True,,01a09c0b-5de1-7dd2-94d9-5a2946237377,2026-09-13T18:33:05.871614+00:00,0.0,True,2,10,985,1024,16,1024,0.9619140625,0.015625
garnet,pennylane,grover-hw-001,large,1.0,,,0.9248046875,0.0,True,True,,01a09c0b-5de1-7dd2-94d9-5a2946237377,2026-09-13T18:33:05.871614+00:00,0.0,True,2,11,966,1024,19,1024,0.943359375,0.0185546875
garnet,pennylane,grover-hw-002,small,0.10009765625,0.6783424377441405,False,0.01171875,0.17204883432858378,False,False,,01a09c0b-5de1-7dd2-94d9-5a2946237377,2026-09-13T18:33:05.871614+00:00,1.0,False,4,0111,94,1024,82,1024,0.091796875,0.080078125
garnet,pennylane,grover-hw-002,medium,0.25,1.1305023193359376,False,-0.00390625,0.6191462180260963,False,False,,01a09c0b-5de1-7dd2-94d9-5a2946237377,2026-09-13T18:33:05.871614+00:00,1.0,False,4,0111,94,1024,98,1024,0.091796875,0.095703125
garnet,pennylane,grover-hw-002,large,0.9111328125,,,0.0244140625,0.020622494004957144,False,False,,01a09c0b-5de1-7dd2-94d9-5a2946237377,2026-09-13T18:33:05.871614+00:00,0.24746992805948573,False,4,0111,94,1024,69,1024,0.091796875,0.0673828125
garnet,pennylane,grover-hw-003,small,0.10009765625,0.6929718017578124,False,0.0107421875,0.20161603068418502,False,False,,01a09c0b-5de1-7dd2-94d9-5a2946237377,2026-09-13T18:33:05.871614+00:00,1.0,False,4,0110,101,1024,90,1024,0.0986328125,0.087890625
garnet,pennylane,grover-hw-003,medium,0.25,1.141845703125,False,0.0234375,0.02988101413562796,False,False,,01a09c0b-5de1-7dd2-94d9-5a2946237377,2026-09-13T18:33:05.871614+00:00,0.3286911554919076,False,4,0110,101,1024,77,1024,0.0986328125,0.0751953125
garnet,pennylane,grover-hw-003,large,0.91796875,,,0.048828125,1.2490821019487728e-05,False,False,,01a09c0b-5de1-7dd2-94d9-5a2946237377,2026-09-13T18:33:05.871614+00:00,0.0002248347783507791,False,4,0110,101,1024,51,1024,0.0986328125,0.0498046875
garnet,qiskit,grover-hw-000,large,1.0,,,0.9404296875,0.0,True,True,,01a09c0b-5de1-7dd2-94d9-5a2946237377,2026-09-13T18:33:05.871614+00:00,0.0,True,2,10,974,1024,11,1024,0.951171875,0.0107421875
garnet,qiskit,grover-hw-001,large,1.0,,,0.9296875,0.0,True,True,,01a09c0b-5de1-7dd2-94d9-5a2946237377,2026-09-13T18:33:05.871614+00:00,0.0,True,2,11,977,1024,25,1024,0.9541015625,0.0244140625
garnet,qiskit,grover-hw-002,small,0.10009765625,0.8595214843749999,False,0.00390625,0.3939364175360395,False,False,,01a09c0b-5de1-7dd2-94d9-5a2946237377,2026-09-13T18:33:05.871614+00:00,1.0,False,4,0111,128,1024,124,1024,0.125,0.12109375
garnet,qiskit,grover-hw-002,medium,0.25,1.4184082031249998,False,0.0185546875,0.0946829441182843,False,False,,01a09c0b-5de1-7dd2-94d9-5a2946237377,2026-09-13T18:33:05.871614+00:00,0.8521464970645587,False,4,0111,128,1024,109,1024,0.125,0.1064453125
garnet,qiskit,grover-hw-002,large,0.568359375,,,0.0400390625,0.0015602142048673348,False,False,,01a09c0b-5de1-7dd2-94d9-5a2946237377,2026-09-13T18:33:05.871614+00:00,0.021842998868142685,False,4,0111,128,1024,87,1024,0.125,0.0849609375
garnet,qiskit,grover-hw-003,small,0.10009765625,0.8479980468749999,False,-0.0146484375,0.8253915285500326,False,False,,01a09c0b-5de1-7dd2-94d9-5a2946237377,2026-09-13T18:33:05.871614+00:00,1.0,False,4,0110,143,1024,158,1024,0.1396484375,0.154296875
garnet,qiskit,grover-hw-003,medium,0.25,1.4529785156249997,False,0.009765625,0.25878015257969555,False,False,,01a09c0b-5de1-7dd2-94d9-5a2946237377,2026-09-13T18:33:05.871614+00:00,1.0,False,4,0110,143,1024,133,1024,0.1396484375,0.1298828125
garnet,qiskit,grover-hw-003,large,0.5927734375,,,0.0478515625,0.0003562048151450996,False,False,,01a09c0b-5de1-7dd2-94d9-5a2946237377,2026-09-13T18:33:05.871614+00:00,0.005343072227176494,False,4,0110,143,1024,94,1024,0.1396484375,0.091796875
