device,case_id,control_p,null_p,distance,note,job_id,submitted_at
ibm_kingston,grover-hw-000,0.9580078125,0.962890625,0.0048828125,within-batch only (n=1 replicate); not a stability claim -- PREREG §7,daimhhr9k43c73ag8js0,2026-09-12T14:59:19.866588+00:00
ibm_kingston,grover-hw-001,0.962890625,0.95703125,0.005859375,within-batch only (n=1 replicate); not a stability claim -- PREREG §7,daimhhr9k43c73ag8js0,2026-09-12T14:59:19.866588+00:00
ibm_kingston,grover-hw-002,0.5234375,0.5400390625,0.0166015625,within-batch only (n=1 replicate); not a stability claim -- PREREG §7,daimhhr9k43c73ag8js0,2026-09-12T14:59:19.866588+00:00
ibm_kingston,grover-hw-003,0.54296875,0.5615234375,0.0185546875,within-batch only (n=1 replicate); not a stability claim -- PREREG §7,daimhhr9k43c73ag8js0,2026-09-12T14:59:19.866588+00:00
ibm_kingston,grover-hw-000,0.9462890625,0.958984375,0.0126953125,within-batch only (n=1 replicate); not a stability claim -- PREREG §7,daj1asomhr3c73e8cbj0,2026-09-13T03:16:03.958807+00:00
ibm_kingston,grover-hw-001,0.95703125,0.94140625,0.015625,within-batch only (n=1 replicate); not a stability claim -- PREREG §7,daj1asomhr3c73e8cbj0,2026-09-13T03:16:03.958807+00:00
ibm_kingston,grover-hw-002,0.623046875,0.576171875,0.046875,within-batch only (n=1 replicate); not a stability claim -- PREREG §7,daj1asomhr3c73e8cbj0,2026-09-13T03:16:03.958807+00:00
ibm_kingston,grover-hw-003,0.6015625,0.5947265625,0.0068359375,within-batch only (n=1 replicate); not a stability claim -- PREREG §7,daj1asomhr3c73e8cbj0,2026-09-13T03:16:03.958807+00:00
ibm_kingston,grover-hw-000,0.95703125,0.953125,0.00390625,within-batch only (n=1 replicate); not a stability claim -- PREREG §7,daj1asphvn6c73ctqp8g,2026-09-13T03:16:03.446542+00:00
ibm_kingston,grover-hw-001,0.9375,0.9384765625,0.0009765625,within-batch only (n=1 replicate); not a stability claim -- PREREG §7,daj1asphvn6c73ctqp8g,2026-09-13T03:16:03.446542+00:00
ibm_kingston,grover-hw-002,0.5888671875,0.5634765625,0.025390625,within-batch only (n=1 replicate); not a stability claim -- PREREG §7,daj1asphvn6c73ctqp8g,2026-09-13T03:16:03.446542+00:00
ibm_kingston,grover-hw-003,0.568359375,0.6044921875,0.0361328125,within-batch only (n=1 replicate); not a stability claim -- PREREG §7,daj1asphvn6c73ctqp8g,2026-09-13T03:16:03.446542+00:00
ibm_kingston,grover-hw-000,0.94921875,0.9423828125,0.0068359375,within-batch only (n=1 replicate); not a stability claim -- PREREG §7,daj1asphvn6c73ctqp90,2026-09-13T03:16:03.585168+00:00
ibm_kingston,grover-hw-001,0.9482421875,0.9482421875,0.0,within-batch only (n=1 replicate); not a stability claim -- PREREG §7,daj1asphvn6c73ctqp90,2026-09-13T03:16:03.585168+00:00
ibm_kingston,grover-hw-002,0.5947265625,0.595703125,0.0009765625,within-batch only (n=1 replicate); not a stability claim -- PREREG §7,daj1asphvn6c73ctqp90,2026-09-13T03:16:03.585168+00:00
ibm_kingston,grover-hw-003,0.6015625,0.5634765625,0.0380859375,within-batch only (n=1 replicate); not a stability claim -- PREREG §7,daj1asphvn6c73ctqp90,2026-09-13T03:16:03.585168+00:00
ibm_kingston,grover-hw-000,0.9501953125,0.943359375,0.0068359375,within-batch only (n=1 replicate); not a stability claim -- PREREG §7,daj6c9vi3e6s738psv0g,2026-09-13T09:00:23.593268+00:00
ibm_kingston,grover-hw-001,0.908203125,0.9013671875,0.0068359375,within-batch only (n=1 replicate); not a stability claim -- PREREG §7,daj6c9vi3e6s738psv0g,2026-09-13T09:00:23.593268+00:00
ibm_kingston,grover-hw-002,0.5615234375,0.59765625,0.0361328125,within-batch only (n=1 replicate); not a stability claim -- PREREG §7,daj6c9vi3e6s738psv0g,2026-09-13T09:00:23.593268+00:00
ibm_kingston,grover-hw-003,0.6103515625,0.6123046875,0.001953125,within-batch only (n=1 replicate); not a stability claim -- PREREG §7,daj6c9vi3e6s738psv0g,2026-09-13T09:00:23.593268+00:00
ibm_kingston,grover-hw-000,0.9521484375,0.939453125,0.0126953125,within-batch only (n=1 replicate); not a stability claim -- PREREG §7,daj6mk0mhr3c73e8jka0,2026-09-13T09:22:24.226877+00:00
ibm_kingston,grover-hw-001,0.8955078125,0.888671875,0.0068359375,within-batch only (n=1 replicate); not a stability claim -- PREREG §7,daj6mk0mhr3c73e8jka0,2026-09-13T09:22:24.226877+00:00
ibm_kingston,grover-hw-002,0.576171875,0.6064453125,0.0302734375,within-batch only (n=1 replicate); not a stability claim -- PREREG §7,daj6mk0mhr3c73e8jka0,2026-09-13T09:22:24.226877+00:00
ibm_kingston,grover-hw-003,0.62890625,0.6396484375,0.0107421875,within-batch only (n=1 replicate); not a stability claim -- PREREG §7,daj6mk0mhr3c73e8jka0,2026-09-13T09:22:24.226877+00:00
ibm_kingston,grover-hw-000,0.953125,0.94140625,0.01171875,within-batch only (n=1 replicate); not a stability claim -- PREREG §7,daj7a31hvn6c73cu32c0,2026-09-13T10:03:56.399007+00:00
ibm_kingston,grover-hw-001,0.91015625,0.8994140625,0.0107421875,within-batch only (n=1 replicate); not a stability claim -- PREREG §7,daj7a31hvn6c73cu32c0,2026-09-13T10:03:56.399007+00:00
ibm_kingston,grover-hw-002,0.580078125,0.599609375,0.01953125,within-batch only (n=1 replicate); not a stability claim -- PREREG §7,daj7a31hvn6c73cu32c0,2026-09-13T10:03:56.399007+00:00
ibm_kingston,grover-hw-003,0.615234375,0.6376953125,0.0224609375,within-batch only (n=1 replicate); not a stability claim -- PREREG §7,daj7a31hvn6c73cu32c0,2026-09-13T10:03:56.399007+00:00
garnet,grover-hw-000,0.9287109375,0.9375,0.0087890625,within-batch only (n=1 replicate); not a stability claim -- PREREG §7,01a096a0-7e89-7f32-ac36-6dae3a09a75a,2026-09-12T17:18:15.916214+00:00
garnet,grover-hw-001,0.919921875,0.931640625,0.01171875,within-batch only (n=1 replicate); not a stability claim -- PREREG §7,01a096a0-7e89-7f32-ac36-6dae3a09a75a,2026-09-12T17:18:15.916214+00:00
garnet,grover-hw-002,0.0966796875,0.0888671875,0.0078125,within-batch only (n=1 replicate); not a stability claim -- PREREG §7,01a096a0-7e89-7f32-ac36-6dae3a09a75a,2026-09-12T17:18:15.916214+00:00
garnet,grover-hw-003,0.119140625,0.123046875,0.00390625,within-batch only (n=1 replicate); not a stability claim -- PREREG §7,01a096a0-7e89-7f32-ac36-6dae3a09a75a,2026-09-12T17:18:15.916214+00:00
garnet,grover-hw-000,0.939453125,0.9482421875,0.0087890625,within-batch only (n=1 replicate); not a stability claim -- PREREG §7,01a098c3-c79d-70a2-8c20-82075974d8cd,2026-09-13T03:16:02.824627+00:00
garnet,grover-hw-001,0.9501953125,0.935546875,0.0146484375,within-batch only (n=1 replicate); not a stability claim -- PREREG §7,01a098c3-c79d-70a2-8c20-82075974d8cd,2026-09-13T03:16:02.824627+00:00
garnet,grover-hw-002,0.1123046875,0.115234375,0.0029296875,within-batch only (n=1 replicate); not a stability claim -- PREREG §7,01a098c3-c79d-70a2-8c20-82075974d8cd,2026-09-13T03:16:02.824627+00:00
garnet,grover-hw-003,0.1328125,0.1357421875,0.0029296875,within-batch only (n=1 replicate); not a stability claim -- PREREG §7,01a098c3-c79d-70a2-8c20-82075974d8cd,2026-09-13T03:16:02.824627+00:00
garnet,grover-hw-000,0.9453125,0.94921875,0.00390625,within-batch only (n=1 replicate); not a stability claim -- PREREG §7,01a098c3-c7af-7b41-a24b-dffb10593e37,2026-09-13T03:16:02.732515+00:00
garnet,grover-hw-001,0.9404296875,0.9453125,0.0048828125,within-batch only (n=1 replicate); not a stability claim -- PREREG §7,01a098c3-c7af-7b41-a24b-dffb10593e37,2026-09-13T03:16:02.732515+00:00
garnet,grover-hw-002,0.134765625,0.1162109375,0.0185546875,within-batch only (n=1 replicate); not a stability claim -- PREREG §7,01a098c3-c7af-7b41-a24b-dffb10593e37,2026-09-13T03:16:02.732515+00:00
garnet,grover-hw-003,0.15234375,0.1220703125,0.0302734375,within-batch only (n=1 replicate); not a stability claim -- PREREG §7,01a098c3-c7af-7b41-a24b-dffb10593e37,2026-09-13T03:16:02.732515+00:00
garnet,grover-hw-000,0.947265625,0.9443359375,0.0029296875,within-batch only (n=1 replicate); not a stability claim -- PREREG §7,01a098c3-c7b8-7893-ae84-cd546275b3dc,2026-09-13T03:16:03.113018+00:00
garnet,grover-hw-001,0.955078125,0.9365234375,0.0185546875,within-batch only (n=1 replicate); not a stability claim -- PREREG §7,01a098c3-c7b8-7893-ae84-cd546275b3dc,2026-09-13T03:16:03.113018+00:00
garnet,grover-hw-002,0.08203125,0.0986328125,0.0166015625,within-batch only (n=1 replicate); not a stability claim -- PREREG §7,01a098c3-c7b8-7893-ae84-cd546275b3dc,2026-09-13T03:16:03.113018+00:00
garnet,grover-hw-003,0.1279296875,0.1279296875,0.0,within-batch only (n=1 replicate); not a stability claim -- PREREG §7,01a098c3-c7b8-7893-ae84-cd546275b3dc,2026-09-13T03:16:03.113018+00:00
garnet,grover-hw-000,0.951171875,0.95703125,0.005859375,within-batch only (n=1 replicate); not a stability claim -- PREREG §7,01a09c0b-5de1-7dd2-94d9-5a2946237377,2026-09-13T18:33:05.871614+00:00
garnet,grover-hw-001,0.9541015625,0.9404296875,0.013671875,within-batch only (n=1 replicate); not a stability claim -- PREREG §7,01a09c0b-5de1-7dd2-94d9-5a2946237377,2026-09-13T18:33:05.871614+00:00
garnet,grover-hw-002,0.125,0.1318359375,0.0068359375,within-batch only (n=1 replicate); not a stability claim -- PREREG §7,01a09c0b-5de1-7dd2-94d9-5a2946237377,2026-09-13T18:33:05.871614+00:00
garnet,grover-hw-003,0.1396484375,0.15625,0.0166015625,within-batch only (n=1 replicate); not a stability claim -- PREREG §7,01a09c0b-5de1-7dd2-94d9-5a2946237377,2026-09-13T18:33:05.871614+00:00
